417,417,417,411,411,417,417,411,411,417,417,417,411,417,417,417,411,411,417,417,411,411,417,417,414,411,417,417,417,410,411,417,417,411,411,417,417,417,411,417,417,417,411,411,417,417,411,411,417,417,417,411,417,417,417,411,411,417,417,411,411,417,417,417,411,417,417,417,411,411,417,417,411,411,417,417,411,411,417,417,417,411,411,417,417,411,411,417,417,417,411,417,417,417,411,411,417,417,411,411
417,417,417,411,417,417,417,411,411,417,417,411,411,417,417,417,411,417,417,417,411,411,417,417,411,411,417,417,417,411,417,417,417,411,411,417,417,411,411,417,417,417,411,417,417,417,411,411,417,417,411,411,417,417,417,411,417,417,417,411,411,417,417,411,411,417,417,417,411,417,417,417,411,411,417,417,411,411,417,417,417,411,417,417,417,410,411,417,417,411,411,417,417,417,411,417,417,417,411,411
417,417,411,411,417,417,417,411,417,417,417,411,411,417,417,411,411,417,417,417,411,417,417,417,411,411,417,417,411,411,417,417,417,411,417,417,417,411,434,417,417,411,411,417,417,417,411,417,417,417,411,411,417,417,411,411,417,417,417,411,417,417,417,411,411,417,417,411,411,417,417,417,411,417,417,417,411,411,417,417,411,411,417,417,417,411,417,417,417,411,410,417,417,411,411,417,417,417,411,417
417,417,411,411,417,417,411,411,417,417,417,411,417,417,417,411,411,417,417,411,411,417,417,417,411,417,417,417,411,411,417,417,411,411,417,417,417,411,417,417,417,411,411,417,417,411,411,417,417,417,411,417,417,417,411,411,417,417,411,411,417,417,417,410,417,417,417,411,411,417,417,411,411,417,417,417,411,417,417,417,411,411,417,417,411,411,417,417,417,411,417,417,417,411,411,417,417,411,411,417
417,417,411,417,417,417,411,411,417,417,411,411,417,417,417,411,417,417,417,411,411,417,417,411,411,417,417,417,411,417,417,417,411,411,417,417,411,411,417,417,417,411,417,417,417,411,411,417,417,411,411,417,417,417,411,417,417,417,411,410,417,417,411,411,417,417,417,411,417,417,417,411,411,417,417,411,411,417,417,417,411,417,417,417,411,411,417,417,411,411,417,417,417,411,417,417,417,411,411,417
417,411,410,417,417,417,411,417,417,417,411,411,417,417,411,411,417,417,417,411,417,417,417,411,411,417,417,411,411,417,417,417,411,417,417,417,411,411,417,417,411,411,417,417,417,411,417,417,417,411,411,417,417,411,411,417,417,417,411,417,417,417,411,411,417,417,411,411,417,417,416,411,417,417,417,411,411,417,417,411,411,417,417,417,411,417,417,417,411,411,417,417,411,411,417,417,417,411,417,417
417,411,411,417,417,411,411,417,417,417,411,417,417,417,411,411,417,417,411,411,417,417,417,411,417,417,417,411,410,417,417,411,411,417,417,417,411,417,417,417,411,411,417,417,411,411,417,417,417,410,417,417,417,411,410,417,417,411,411,417,417,417,411,417,417,417,411,410,417,417,411,411,417,417,417,410,417,417,417,411,410,417,417,411,411,417,417,417,411,417,417,417,411,411,417,417,411,411,417,417
417,411,417,417,417,411,411,417,417,411,411,417,417,417,411,417,417,417,411,411,417,417,411,411,417,417,417,411,417,417,417,411,411,417,417,411,411,417,417,417,411,417,417,417,411,411,417,417,411,411,417,417,417,411,417,417,417,411,411,417,417,411,411,417,417,417,411,417,417,417,411,411,441,417,411,411,417,417,417,411,417,417,417,411,411,417,417,411,411,417,417,417,411,417,417,417,411,411,417,417
411,411,417,417,417,411,417,417,417,411,411,417,417,411,411,417,417,417,411,417,417,417,411,411,417,417,411,411,417,417,417,411,417,417,417,411,411,417,417,411,411,417,417,417,411,417,417,417,411,411,417,417,411,411,417,417,417,411,417,417,417,411,411,417,417,411,411,417,417,417,411,417,417,417,411,411,417,417,411,411,417,417,417,411,417,417,417,411,411,417,417,411,411,417,417,417,411,417,417,417
411,411,417,417,411,411,417,417,417,411,417,417,417,410,410,417,417,411,411,417,417,417,411,417,417,417,411,411,417,417,411,411,417,417,414,411,417,417,417,411,411,417,417,411,411,417,417,411,411,417,417,417,411,411,417,417,411,411,417,417,417,411,417,417,417,411,411,417,417,411,410,417,417,417,411,417,417,417,410,411,417,417,410,411,417,417,417,411,417,417,441,411,411,417,417,411,411,417,417,417
411,417,417,417,411,411,417,417,411,411,417,417,417,410,417,417,417,411,411,417,417,411,410,417,417,417,411,417,417,417,435,411,417,417,411,411,417,417,417,411,417,417,417,411,411,417,417,411,411,417,417,417,411,417,417,417,411,411,417,417,411,411,417,417,417,411,417,417,417,411,411,417,417,411,411,417,417,417,411,417,417,417,411,411,417,417,411,411,417,417,417,411,417,417,417,411,411,417,417,411
411,417,417,417,411,417,417,417,411,411,417,417,411,411,417,417,417,411,417,417,417,411,411,417,417,411,411,417,417,417,411,417,417,417,411,411,417,417,411,411,417,417,417,411,417,417,417,411,411,417,417,411,411,417,417,417,411,417,417,417,411,411,417,417,411,411,417,417,417,411,417,417,417,410,411,417,417,411,411,417,417,417,411,417,417,417,411,411,417,417,411,411,417,417,417,411,417,417,417,410
411,417,417,411,411,417,417,417,411,417,417,417,411,411,417,417,410,411,417,417,414,411,417,417,417,411,411,417,417,411,411,417,417,417,411,417,417,417,411,411,417,417,411,411,417,417,417,411,417,417,417,411,411,417,417,411,411,417,417,417,411,417,417,417,411,411,417,417,411,411,417,417,417,411,417,417,417,411,411,417,417,411,411,417,417,417,411,417,417,417,411,411,417,417,411,411,417,417,417,411
417,417,417,411,410,417,417,411,411,417,417,417,411,417,417,417,411,411,417,417,411,411,417,417,417,410,417,417,417,411,411,417,417,411,411,417,417,417,410,417,417,417,411,411,417,417,411,411,417,417,417,411,417,417,417,411,411,417,417,411,411,417,417,417,411,417,417,417,411,411,417,417,411,411,417,417,417,411,417,417,417,410,410,417,417,411,411,417,417,417,411,417,417,417,411,411,417,417,411,411
417,417,417,411,417,417,417,411,411,417,417,411,410,417,417,417,410,417,417,417,411,411,417,417,411,411,417,417,417,411,417,417,417,411,411,417,417,410,411,417,417,417,411,417,417,417,411,411,417,417,411,411,417,417,417,411,417,417,417,411,411,417,417,411,411,417,417,417,411,417,417,417,411,411,417,417,411,411,417,417,417,411,417,417,417,411,411,417,417,411,411,417,417,417,411,417,417,417,411,411
417,417,411,411,417,417,417,411,417,417,417,411,411,417,417,411,411,417,417,417,411,417,417,417,411,411,417,417,411,411,417,417,417,411,417,417,417,411,411,417,417,410,411,417,417,417,410,417,417,417,410,411,417,417,411,411,417,417,411,411,417,417,417,411,410,417,417,411,411,417,417,411,411,417,417,417,410,414,417,417,411,411,417,417,411,411,417,417,417,411,417,417,417,411,411,417,417,411,410,417
417,417,411,417,417,417,411,411,417,417,411,411,417,417,417,411,417,417,417,411,410,417,417,410,410,417,417,417,411,417,417,417,411,411,417,417,410,411,417,417,417,411,417,417,417,411,411,417,417,411,411,417,417,417,411,417,417,417,411,411,417,417,411,411,417,417,417,411,417,417,417,411,411,417,417,411,411,417,417,417,411,417,417,417,411,411,417,417,411,411,417,417,417,411,417,417,417,410,410,417
417,410,411,417,417,417,411,417,417,417,410,411,417,417,411,411,417,417,417,411,417,417,417,410,411,417,417,411,411,417,417,417,411,417,417,417,410,411,417,417,411,411,417,417,417,411,417,417,417,411,411,417,417,411,411,417,417,415,410,417,417,417,411,411,417,417,411,411,417,417,417,410,417,417,417,411,411,417,417,411,411,417,417,417,411,417,417,417,411,411,417,417,411,411,417,417,417,411,417,417
417,411,411,417,417,411,411,417,417,417,411,417,417,417,411,411,417,417,411,411,417,417,417,411,417,417,417,411,411,417,417,411,411,417,417,417,411,417,417,417,411,411,417,417,411,410,417,417,417,411,417,417,417,411,410,417,417,411,411,417,417,417,411,417,417,417,411,411,417,417,411,411,417,417,417,410,417,417,417,411,411,417,417,411,411,417,417,417,411,417,417,417,411,411,417,417,411,411,417,417
417,411,417,417,417,411,410,417,417,411,411,417,417,417,411,417,417,417,411,411,417,417,411,411,417,417,417,411,417,417,417,411,411,417,417,411,411,417,417,417,411,417,417,417,411,411,417,417,411,411,417,417,417,411,417,417,417,410,411,417,417,411,411,417,417,414,411,417,417,417,411,411,417,417,411,411,417,417,417,411,417,417,417,411,411,417,417,411,411,417,417,411,411,417,417,417,411,411,417,417
411,410,417,417,411,411,417,417,417,411,411,417,417,410,411,417,417,416,411,417,417,417,411,411,417,417,411,411,417,417,412,411,417,417,417,410,411,417,417,411,411,417,417,417,410,417,417,417,411,411,417,417,411,411,417,417,417,411,417,417,417,411,411,417,417,411,411,417,417,417,411,417,417,417,411,411,417,417,411,411,417,417,417,411,417,417,417,411,411,417,417,411,411,417,417,417,410,417,417,417
411,411,417,417,411,411,417,417,417,411,417,417,417,410,410,417,417,411,410,417,417,417,411,417,417,417,411,411,417,417,411,411,417,417,417,411,417,417,417,411,411,417,417,411,411,417,417,417,411,417,417,417,411,411,417,417,411,411,417,417,417,411,417,417,417,411,411,417,417,411,411,417,417,417,411,417,417,417,411,411,417,417,410,411,417,417,417,411,417,417,417,411,411,417,417,411,411,417,417,417
410,417,417,417,411,411,417,417,411,410,417,417,417,411,417,417,417,411,411,417,417,411,410,417,417,415,411,417,417,417,411,411,417,417,411,411,417,417,413,410,417,417,417,411,411,417,417,411,411,417,417,411,411,417,417,417,411,411,417,417,411,410,417,417,411,411,417,417,417,411,411,417,417,411,411,417,417,411,411,417,417,417,411,411,417,417,411,411,417,417,411,411,417,417,417,411,411,417,417,411
411,417,417,413,411,417,417,417,411,411,417,417,411,410,417,417,411,411,417,417,417,411,411,417,417,411,411,417,417,417,411,417,417,417,411,411,417,417,411,411,417,417,417,410,417,441,417,411,411,417,417,411,411,417,417,417,411,417,417,417,411,411,417,417,411,410,417,417,417,411,417,417,417,411,411,417,417,411,411,417,417,417,411,417,417,417,411,411,417,417,411,411,417,417,417,411,417,417,417,411
411,417,417,411,411,417,417,417,411,417,417,417,411,411,417,417,411,411,417,417,417,411,417,417,417,411,411,417,417,411,411,417,417,417,411,417,417,417,411,411,417,417,411,411,417,417,417,411,417,417,417,411,411,417,417,411,411,417,417,441,411,417,417,417,411,411,417,417,411,411,417,417,417,411,417,417,417,411,411,417,417,411,410,417,417,417,411,417,417,417,411,411,417,417,411,411,417,417,417,411
417,417,417,411,411,417,417,411,411,417,417,413,411,417,417,417,411,411,417,417,411,411,417,417,411,411,417,417,417,411,411,417,417,411,411,417,417,411,411,417,417,417,411,411,417,417,411,411,417,417,411,411,417,417,417,411,411,417,417,411,411,417,417,411,411,417,417,417,411,411,417,417,411,411,417,417,417,410,417,417,417,411,411,417,417,411,411,417,417,417,411,417,417,417,411,411,417,417,411,411
417,417,416,411,417,417,417,411,411,417,417,411,410,417,417,412,411,417,417,417,411,410,417,417,411,411,417,417,413,411,417,417,417,411,410,417,417,411,411,417,417,417,411,417,417,417,411,411,417,417,410,411,417,417,417,410,417,417,417,411,411,417,417,411,411,417,417,414,410,417,417,417,411,410,417,417,411,411,417,417,417,411,417,417,417,410,411,417,417,411,411,417,417,417,411,417,417,417,411,411
417,417,411,411,417,417,417,411,417,417,417,411,411,417,417,411,411,417,417,417,411,417,417,417,411,411,417,417,411,411,417,417,417,411,417,417,417,411,411,417,417,411,411,417,417,417,411,417,417,417,411,411,417,417,411,411,417,417,417,411,417,417,417,411,411,417,417,411,411,417,417,417,411,417,417,417,411,411,417,417,411,411,417,417,417,411,417,417,417,411,411,417,417,411,411,417,417,417,411,417
417,417,411,411,417,417,411,411,417,417,417,411,417,417,417,411,411,417,417,411,411,417,417,417,411,417,417,417,411,411,417,417,411,411,417,417,417,411,417,417,417,410,411,417,417,411,411,417,417,417,411,417,417,417,411,411,417,417,411,411,417,417,417,411,417,417,417,411,411,417,417,411,411,417,417,417,411,417,417,417,411,411,417,417,411,411,417,417,417,411,417,417,417,411,411,417,417,411,411,417
417,417,411,417,417,417,411,411,417,417,411,411,417,417,417,411,417,417,417,411,411,417,417,411,411,417,417,417,411,417,417,417,411,411,417,417,411,411,417,417,417,411,417,417,417,411,411,417,417,411,411,417,417,417,411,417,417,417,411,411,417,417,411,411,417,417,417,411,417,417,417,411,411,417,417,411,411,417,417,417,411,417,417,417,411,411,417,417,411,411,417,417,417,411,417,417,417,411,411,417
417,411,411,417,417,417,411,417,417,417,411,411,417,417,411,411,417,417,417,411,417,417,417,411,411,417,417,411,411,417,417,417,411,417,417,417,411,411,417,417,411,411,417,417,417,411,417,417,417,411,410,417,417,411,411,417,417,417,411,417,417,417,411,411,417,417,411,411,417,417,417,411,417,417,417,411,411,417,417,411,411,417,417,417,411,417,417,417,411,411,417,417,411,411,417,417,417,411,417,417
417,411,411,417,417,411,411,417,417,417,411,417,417,417,411,411,417,417,410,411,417,417,417,411,417,417,417,411,411,417,417,411,411,417,417,417,411,417,417,417,411,411,417,417,410,411,417,417,417,411,417,417,417,411,411,417,417,411,411,417,417,417,411,417,417,417,411,411,417,417,411,411,417,417,417,411,417,417,417,411,411,417,417,411,411,417,417,417,411,417,417,417,411,411,417,417,411,411,417,417
416,411,417,417,417,411,411,417,417,411,411,417,417,411,411,417,417,417,411,411,417,417,411,411,417,417,414,411,417,417,417,411,411,417,417,411,411,417,417,417,411,417,417,417,411,411,417,417,411,411,417,417,417,411,417,417,417,410,411,417,417,411,411,417,417,417,411,417,417,417,411,411,417,417,411,411,417,417,417,411,417,417,417,411,411,417,417,411,411,417,417,417,411,417,417,417,411,411,417,417
410,411,417,417,417,411,417,417,417,411,411,417,417,411,411,417,417,417,411,417,417,417,411,411,417,417,411,411,417,417,417,411,417,417,417,411,411,417,417,411,411,417,417,417,411,417,417,417,411,411,417,417,411,411,417,417,417,411,417,417,417,411,411,417,417,411,411,417,417,417,411,417,417,417,411,411,417,417,411,411,417,417,417,411,417,417,417,411,411,417,417,411,411,417,417,417,411,417,417,417
411,411,417,417,411,411,417,417,417,411,417,417,417,411,411,417,417,411,410,417,417,417,411,417,417,417,411,411,417,417,411,411,417,417,417,411,417,417,417,411,411,417,417,411,411,417,417,417,411,417,417,417,411,411,417,417,411,411,417,417,417,411,417,417,417,411,411,417,417,411,411,417,417,417,410,417,417,417,411,411,417,417,411,411,417,417,412,411,417,417,417,411,411,417,417,411,411,417,417,411
411,417,417,417,411,411,417,417,411,411,417,417,411,411,417,417,417,411,411,417,417,411,411,417,417,417,411,417,417,417,411,411,417,417,411,411,417,417,417,411,417,417,417,411,411,417,417,411,411,417,417,417,411,417,417,417,411,411,417,417,411,411,417,417,417,411,417,417,417,411,411,417,417,411,411,417,417,417,411,417,417,417,411,411,417,417,411,411,417,417,417,411,417,417,417,411,411,417,417,411
411,417,417,417,411,417,417,417,410,411,417,417,411,411,417,417,417,410,417,417,417,411,411,417,417,411,411,417,417,417,411,417,417,417,411,411,417,417,411,411,417,417,417,410,417,417,417,411,411,417,417,411,411,417,417,417,411,417,417,417,411,411,417,417,411,411,417,417,417,411,417,417,417,411,411,417,417,411,411,417,417,417,411,417,417,417,411,411,417,417,411,411,417,417,417,411,417,417,417,411
411,417,417,411,411,417,417,417,411,417,417,417,411,411,417,417,411,411,417,417,417,411,417,417,417,411,411,417,417,411,411,417,417,411,411,417,417,417,411,411,417,417,411,411,417,417,411,411,417,417,417,411,411,417,417,411,411,417,417,411,411,417,417,417,411,414,417,417,410,411,417,417,411,411,417,417,417,411,411,417,417,411,411,417,417,411,411,417,417,417,411,417,417,417,410,411,417,417,411,411
417,417,417,410,417,417,417,411,411,417,417,411,411,417,417,417,411,417,417,417,411,411,417,417,411,411,417,417,417,411,417,417,417,411,411,417,417,411,411,417,417,417,411,417,417,417,410,411,417,417,411,411,417,417,417,411,417,417,417,411,411,417,417,411,411,417,417,417,411,417,417,417,411,411,417,417,411,411,417,417,417,411,417,417,417,411,411,417,417,411,411,417,417,417,411,417,417,417,411,411
417,417,411,411,417,417,417,411,417,417,417,411,411,417,417,411,411,417,417,417,411,417,417,417,411,411,417,417,411,411,417,417,417,411,417,417,417,411,411,417,417,411,411,417,417,417,411,417,417,417,411,411,417,417,411,410,417,417,417,411,417,417,417,411,411,417,417,411,410,417,417,417,411,417,417,417,411,411,417,417,411,411,417,417,417,411,417,417,417,411,411,417,417,411,411,417,417,417,411,417
441,417,411,435,417,417,417,411,417,417,417,411,411,417,417,411,411,417,417,417,411,417,417,417,411,411,417,417,411,411,417,441,417,411,417,417,417,411,411,417,417,411,411,417,417,417,411,417,417,417,411,411,417,417,411,411,417,417,417,410,417,417,417,411,411,417,417,411,411,417,417,417,411,417,417,417,411,411,417,417,411,411,417,417,417,411,417,417,417,411,411,417,417,411,411,417,417,417,411,417
417,417,411,411,417,417,411,411,417,417,417,411,417,417,417,411,411,417,417,411,411,417,417,417,411,417,417,417,411,411,417,417,411,411,417,417,417,411,417,417,417,411,411,417,417,411,411,417,417,417,411,417,417,417,411,411,417,417,411,411,417,417,417,411,417,417,417,411,411,417,417,411,411,417,417,417,411,417,417,417,411,411,417,417,411,411,417,417,417,411,417,417,417,411,411,417,417,411,411,417
417,417,410,417,417,417,411,411,417,417,411,411,417,417,417,411,417,417,417,411,411,417,417,411,435,417,417,417,411,417,417,417,411,411,417,417,411,411,417,417,417,411,417,417,417,411,411,417,417,411,411,417,417,417,411,417,417,417,411,435,417,417,411,411,417,417,417,411,417,417,417,411,411,417,417,411,411,417,417,417,411,417,417,417,411,411,417,417,411,411,417,417,417,411,417,417,417,411,411,417
417,411,411,417,417,417,411,417,417,417,411,411,417,417,411,411,417,417,417,411,417,417,417,411,411,417,417,411,411,417,417,417,411,417,417,417,411,411,417,417,411,411,417,417,417,411,417,417,417,411,411,417,417,410,411,417,417,417,411,417,441,417,411,411,417,417,411,411,417,417,417,411,417,417,417,411,411,417,417,411,411,417,417,417,411,417,417,417,411,411,417,417,411,411,417,417,417,411,417,417
417,411,411,417,417,411,411,417,417,417,411,417,417,417,411,411,417,417,411,411,417,417,417,411,417,417,417,411,411,417,417,411,411,417,417,417,411,417,417,417,411,411,417,417,411,411,417,417,417,411,417,417,417,411,411,417,417,411,411,417,417,417,411,417,417,417,411,411,417,417,411,411,417,417,417,411,417,417,417,411,411,417,417,411,411,417,417,417,411,417,417,417,411,411,417,417,411,411,417,417
413,411,417,417,417,411,411,417,417,411,411,417,417,411,411,417,417,417,411,411,417,417,411,411,417,417,411,411,417,417,417,411,411,417,417,411,411,417,417,411,411,417,417,417,411,411,417,417,411,411,417,417,417,411,417,417,417,411,411,417,417,411,411,417,417,417,411,417,417,417,411,411,417,417,411,411,417,417,417,411,417,417,417,411,411,417,417,411,411,417,417,417,411,417,417,417,411,411,417,417
411,411,417,417,417,411,417,417,417,411,411,417,417,411,411,417,417,417,411,417,417,417,411,411,417,417,411,411,417,417,417,411,441,417,417,411,411,417,417,411,411,417,417,417,411,417,417,417,411,411,417,417,411,411,417,417,417,411,417,417,417,411,411,417,417,411,411,417,417,417,411,417,417,417,411,411,417,417,411,411,417,417,417,411,417,417,417,411,411,417,417,411,411,417,417,417,411,417,417,417
411,411,417,417,411,411,417,417,417,411,417,417,417,411,411,417,417,411,411,417,417,417,411,417,417,417,411,411,417,417,411,411,417,417,417,411,417,417,417,411,411,417,417,411,411,417,417,417,411,417,417,417,411,411,417,417,411,411,417,417,417,411,417,417,417,411,411,417,417,411,411,417,417,417,411,417,417,417,411,411,417,417,411,411,417,417,417,411,417,417,417,411,411,417,417,411,411,417,417,417
411,417,417,417,411,411,417,417,411,411,417,417,417,411,417,417,417,411,411,417,417,411,411,417,417,417,411,417,417,417,411,411,417,417,411,411,417,417,417,411,417,417,417,411,411,417,417,411,411,417,417,417,411,417,417,417,411,411,417,417,411,411,417,417,417,411,417,417,417,411,411,417,417,411,411,417,417,417,411,417,417,417,411,411,417,417,411,411,417,417,417,411,417,417,417,411,411,417,417,411
411,417,417,417,411,417,417,417,411,411,417,417,411,411,417,417,417,411,417,417,417,411,411,417,417,411,411,417,417,417,411,417,417,417,411,410,417,417,411,411,417,417,417,411,417,417,417,411,411,417,417,411,411,417,417,417,411,417,417,417,411,411,417,417,411,411,417,417,417,411,417,417,417,411,411,417,417,411,411,417,417,412,411,417,417,417,411,411,417,417,411,411,417,417,411,411,417,417,417,411
411,417,417,411,411,417,417,411,411,417,417,417,411,411,417,417,411,411,417,417,417,411,417,417,417,411,411,417,417,411,411,417,417,415,411,417,417,417,411,411,417,417,411,411,417,417,417,411,417,417,417,411,411,417,417,411,411,417,417,417,411,417,417,417,411,411,417,417,411,411,417,417,417,411,417,417,417,411,411,417,417,411,411,417,417,417,411,417,417,417,411,411,417,417,411,411,417,417,417,411
417,417,417,411,411,417,417,411,411,417,417,417,411,417,417,417,411,411,417,417,411,411,417,417,417,411,417,417,417,411,411,417,417,411,410,417,417,417,411,417,417,417,411,411,417,417,411,411,417,417,417,411,417,417,417,411,411,417,417,411,411,417,417,417,411,417,417,417,411,411,417,417,411,411,417,417,417,411,417,417,417,411,411,417,417,411,411,417,417,417,411,417,417,417,411,411,417,417,411,411
417,417,417,411,417,417,417,411,411,417,417,411,411,417,417,417,411,435,417,417,411,411,417,417,412,411,417,417,417,411,411,417,417,411,411,417,417,411,411,417,417,417,411,411,417,417,411,411,417,417,417,411,417,417,417,410,411,417,417,411,411,417,417,417,411,417,417,417,411,411,417,417,411,411,417,417,412,411,417,417,417,411,411,417,417,410,411,417,417,435,411,417,417,417,411,411,417,417,411,411
417,417,417,411,417,417,417,411,411,417,417,411,411,417,417,417,411,417,417,417,411,411,417,417,411,411,417,417,417,411,417,417,417,411,411,417,417,411,411,417,417,417,411,417,417,417,411,411,417,417,411,411,417,417,417,435,417,417,417,410,411,417,417,411,411,417,417,417,411,417,417,417,411,411,417,417,411,411,417,417,417,411,417,417,417,411,411,417,417,411,411,417,417,417,411,417,417,417,411,411
417,417,411,411,417,417,417,411,417,417,417,411,411,417,417,411,411,417,417,417,411,417,417,417,411,411,417,417,411,411,417,417,417,411,417,417,417,411,411,417,417,411,411,417,417,417,411,417,417,417,411,411,417,417,411,411,417,417,417,411,417,417,417,411,410,417,417,411,411,417,417,417,410,417,417,417,411,411,417,417,411,411,417,417,417,410,417,417,417,411,411,417,417,411,411,417,417,417,411,417
417,417,411,411,417,417,411,411,417,417,417,411,417,417,417,410,411,417,417,411,411,417,417,417,411,417,417,417,411,411,417,417,411,411,417,417,417,411,417,417,417,410,411,417,417,411,411,417,417,417,411,417,417,417,411,411,417,417,411,411,417,417,417,411,417,417,417,411,411,417,417,411,411,417,417,417,411,417,417,417,411,411,417,417,411,411,417,417,417,411,417,417,417,411,411,417,417,411,411,417
417,417,411,417,417,417,411,411,417,417,411,411,417,417,417,411,417,417,417,411,411,417,417,411,411,417,417,417,411,417,417,417,411,411,417,417,410,411,417,417,417,411,417,417,417,411,411,417,417,411,411,417,417,417,411,417,417,417,411,411,417,417,411,411,417,417,417,411,417,417,417,411,411,417,417,411,411,417,417,417,411,417,417,417,411,411,417,417,411,411,417,417,417,411,417,417,417,411,411,417
417,411,411,417,417,417,411,417,417,417,411,411,417,417,411,411,417,417,417,411,417,417,417,411,411,417,417,411,411,417,417,417,411,417,417,417,411,411,417,417,411,411,417,417,417,411,417,417,417,411,411,417,417,411,411,417,417,417,411,417,417,417,411,410,417,417,411,411,417,417,417,411,417,417,417,411,411,417,417,411,411,417,417,417,411,417,417,417,411,411,417,417,411,411,417,417,417,410,417,417
417,411,411,417,417,411,411,417,417,415,411,417,417,417,411,411,417,417,411,411,417,417,417,411,417,417,417,411,411,417,417,411,411,417,417,417,411,417,417,417,411,411,417,417,411,411,417,417,417,411,417,417,417,411,411,417,417,411,411,417,417,415,411,417,417,417,411,411,417,417,411,411,417,417,411,411,417,417,417,411,411,417,417,411,411,417,417,410,411,417,417,417,411,411,417,417,410,411,417,417
411,411,417,417,417,411,411,417,417,411,411,417,417,411,411,417,417,417,411,411,417,417,411,411,417,417,411,411,417,417,417,411,411,417,417,411,411,417,417,412,411,417,417,417,411,411,417,417,411,410,417,417,411,411,417,417,417,411,411,417,417,410,411,417,417,411,411,417,417,417,410,411,417,417,411,411,417,417,411,411,417,417,417,410,417,417,417,411,411,417,417,410,411,417,417,417,411,417,417,417
411,411,417,417,411,411,417,417,417,410,417,417,417,411,411,417,417,411,411,417,417,417,410,417,417,417,411,411,417,417,411,411,417,417,417,411,417,417,417,411,411,417,417,411,410,417,417,417,411,417,417,417,411,411,417,417,411,411,417,417,417,411,417,417,417,411,411,417,417,411,410,417,417,417,410,417,417,417,411,411,417,417,411,411,417,417,417,410,417,417,417,411,411,417,417,410,411,417,417,417
411,417,417,417,411,411,417,417,410,411,417,417,417,411,417,417,417,411,411,417,417,411,411,417,417,417,411,417,417,417,411,411,417,417,410,411,417,417,417,411,417,417,417,411,410,417,417,411,410,417,417,413,410,417,417,417,411,411,417,417,411,411,417,417,417,411,417,417,417,411,411,417,417,411,411,417,417,417,411,417,417,417,411,411,417,417,411,411,417,417,417,411,417,417,417,411,411,417,417,411
411,417,417,417,411,417,417,417,411,411,417,417,411,411,417,417,417,411,417,417,417,411,411,417,417,411,411,417,417,417,411,417,417,417,411,411,417,417,411,411,417,417,417,411,417,417,417,411,411,417,417,411,411,417,417,417,411,417,417,417,411,411,417,417,411,411,417,417,417,411,417,417,417,411,411,417,417,411,410,417,417,417,411,417,417,417,411,411,417,417,411,411,417,417,417,411,417,417,417,410
411,417,417,411,411,417,417,417,411,417,417,417,411,411,417,417,411,411,417,417,417,410,417,417,417,411,411,417,417,411,411,417,417,417,411,417,417,417,411,411,417,417,411,411,417,417,417,410,417,417,417,411,411,417,417,411,411,417,417,417,411,417,417,417,410,411,417,417,411,411,417,417,417,411,417,417,417,411,411,417,417,410,411,417,417,417,411,417,417,417,411,411,417,417,411,411,417,417,417,411
417,417,417,411,411,417,417,411,411,417,417,417,411,417,417,417,411,411,417,441,411,411,417,417,417,411,417,417,417,411,411,417,417,411,411,417,417,417,411,417,417,417,411,411,417,417,411,411,417,417,417,411,417,417,417,411,411,417,417,410,411,417,417,417,411,417,417,417,411,411,417,417,411,411,417,417,417,411,417,417,417,411,411,417,417,411,411,417,417,417,411,417,417,417,411,411,417,417,411,411
417,417,417,410,417,417,417,411,411,417,417,411,411,417,417,417,411,417,417,417,411,411,417,417,410,411,417,417,417,411,417,417,417,411,411,417,417,411,411,417,417,417,411,417,417,417,410,411,417,417,411,411,417,417,417,411,417,417,417,411,411,417,417,411,411,417,417,417,410,417,417,417,411,411,417,417,411,411,417,417,417,411,417,417,417,411,411,417,417,411,411,417,417,417,411,417,417,417,411,411
417,417,411,411,417,417,417,411,417,417,417,411,411,417,417,411,411,417,417,417,411,417,417,417,411,410,417,417,411,411,417,417,415,410,417,417,417,411,410,417,417,411,410,417,417,414,411,417,417,417,411,411,417,417,410,411,417,417,410,411,417,417,417,411,411,417,417,411,411,417,417,411,411,417,417,417,411,411,417,417,411,411,417,417,416,411,417,417,417,411,411,417,417,411,411,417,417,417,411,417
417,417,411,410,417,417,411,411,417,417,415,411,417,417,417,411,411,417,417,411,411,417,417,417,411,417,417,417,411,411,417,417,411,411,417,417,411,411,417,417,417,411,411,417,417,411,411,417,417,411,411,417,417,417,410,413,417,417,410,411,417,417,411,411,417,417,417,411,417,417,417,411,411,417,417,410,411,417,417,417,411,417,417,417,411,411,417,417,410,411,417,417,417,411,417,417,417,411,411,417
417,411,411,417,417,417,411,417,417,417,411,411,417,417,411,411,417,417,417,411,417,417,417,411,411,417,417,411,411,417,417,417,411,417,417,417,411,411,417,417,411,411,417,417,417,411,417,417,417,411,411,417,417,411,411,417,417,417,411,417,417,417,411,410,417,417,411,411,417,417,417,411,417,417,417,411,411,417,417,411,411,417,417,417,411,417,417,417,411,411,417,417,411,411,417,417,417,411,417,417
417,411,411,417,417,411,411,417,417,417,411,417,417,417,411,410,417,417,411,411,417,417,417,411,417,417,417,411,411,417,417,411,411,417,417,417,410,417,417,417,411,411,417,417,411,410,417,417,411,410,417,417,417,411,411,417,417,411,411,417,417,416,411,417,417,417,411,411,417,417,411,410,417,417,412,411,417,417,417,411,411,417,417,410,411,417,417,412,411,417,417,417,411,411,417,417,411,411,417,417
411,411,417,417,417,411,411,417,417,410,410,417,417,411,411,417,417,417,411,411,417,417,411,411,417,417,411,411,417,417,417,411,411,417,417,411,411,417,417,412,411,417,417,417,411,411,417,417,411,411,417,417,411,410,417,417,417,411,411,417,417,410,411,417,417,416,411,417,417,417,411,410,417,417,411,411,417,417,411,411,417,417,417,411,411,417,417,410,411,417,417,411,411,417,417,417,411,413,417,417
411,411,417,417,411,411,417,417,417,411,417,417,417,411,411,417,417,411,411,417,417,417,410,417,417,417,411,411,417,417,411,411,417,417,417,410,417,417,417,411,411,417,417,411,411,417,417,417,411,417,417,417,410,411,417,417,410,411,417,417,417,410,417,417,417,411,411,417,417,411,411,417,417,417,410,417,417,417,411,410,417,417,410,411,417,417,417,411,417,417,417,411,411,417,417,410,411,417,417,417
411,417,417,417,411,411,417,417,410,411,417,417,417,411,417,417,417,411,411,417,417,410,411,417,417,417,410,417,417,417,411,410,417,417,410,411,417,417,417,410,417,417,417,411,411,417,417,411,411,417,417,411,411,417,417,417,411,411,417,417,411,411,417,417,417,411,417,417,417,411,411,417,417,411,411,417,417,417,411,417,417,417,411,410,417,417,411,411,417,417,417,410,417,417,417,411,411,417,417,411
411,417,417,417,411,417,417,417,411,411,417,417,411,411,417,417,417,411,417,417,417,411,411,417,417,410,410,417,417,417,411,417,417,417,410,411,417,417,411,410,417,417,417,411,417,417,417,411,411,417,417,410,411,417,417,417,411,417,417,417,411,410,417,417,411,411,417,417,417,410,417,417,417,411,411,417,417,411,411,417,417,417,410,417,417,417,411,411,417,417,411,411,417,417,417,411,417,417,417,411
410,417,417,410,411,417,417,417,411,417,417,417,411,411,417,417,411,411,417,417,417,411,417,417,417,411,411,417,417,411,410,417,417,417,411,417,417,417,411,411,417,417,411,411,417,417,417,411,417,417,417,411,411,417,417,411,411,417,417,417,411,417,417,417,411,411,417,417,411,411,417,417,417,411,417,417,417,410,411,417,417,411,411,417,417,417,411,417,417,417,411,411,417,417,411,411,417,417,417,411
417,417,417,411,411,417,417,411,411,417,417,417,411,417,417,417,411,411,417,417,411,411,417,417,412,410,417,417,417,411,411,417,417,411,410,417,417,411,411,417,417,417,411,413,417,417,410,411,417,417,411,411,417,417,417,411,417,417,417,411,411,417,417,411,411,417,417,417,411,417,417,417,411,411,417,417,410,411,417,417,417,411,417,417,417,411,410,417,417,411,411,417,417,417,411,417,417,417,411,411
417,417,411,411,417,417,417,411,417,417,417,411,411,417,417,411,410,417,417,417,411,417,417,417,411,411,417,417,411,411,417,417,417,411,417,417,417,411,411,417,417,411,411,417,417,417,410,417,417,417,411,410,417,417,411,410,417,417,417,410,417,417,417,411,410,417,417,411,411,441,417,417,411,417,417,417,411,411,417,417,410,411,417,417,417,410,417,417,417,411,411,417,417,411,410,417,417,417,411,417
417,417,411,411,417,417,411,411,417,417,417,411,417,417,417,411,411,417,417,411,410,417,417,417,410,417,417,417,411,411,417,417,411,411,417,417,411,411,417,417,417,411,411,417,417,411,411,417,417,411,411,417,417,417,411,411,417,417,411,411,417,417,411,411,417,417,417,411,411,417,417,411,411,417,417,411,410,417,417,417,410,411,417,417,411,411,417,417,411,411,417,417,417,411,417,417,417,411,411,417
417,411,411,417,417,417,411,417,417,417,411,410,417,417,411,411,417,417,417,411,417,417,417,411,411,417,417,411,410,417,417,417,411,417,417,417,411,411,417,417,411,411,417,417,417,410,417,417,417,411,411,417,417,411,411,417,417,417,411,417,417,417,411,411,417,417,411,411,417,417,417,411,417,417,417,411,410,417,417,411,411,417,417,417,410,417,417,417,410,411,417,417,411,411,417,417,417,411,417,417
417,411,411,417,417,411,411,417,417,417,411,417,417,417,411,411,417,417,410,411,417,417,417,411,417,417,417,410,410,417,417,411,411,417,417,417,411,417,417,417,411,410,417,417,411,411,417,417,417,410,417,417,417,410,411,417,417,411,411,417,417,417,411,417,417,417,411,411,417,417,411,411,417,417,411,411,417,417,417,411,411,417,417,411,411,417,417,410,411,417,417,417,411,411,417,417,411,411,417,417
412,411,417,417,417,411,411,417,417,410,411,417,417,417,411,417,417,417,410,411,417,417,411,411,417,417,417,410,417,417,417,411,411,417,417,411,411,417,417,417,411,417,417,417,411,411,417,417,411,411,417,417,417,411,417,417,417,411,410,417,417,411,411,417,417,416,411,417,417,417,411,411,417,417,411,411,417,417,417,411,417,417,417,411,411,417,417,411,410,417,417,412,411,417,417,417,411,411,417,417
410,411,417,417,411,411,417,417,417,410,411,417,417,411,411,417,417,417,411,417,417,417,411,410,417,417,411,411,417,417,411,410,417,417,417,410,411,417,417,411,411,417,417,411,411,417,417,417,411,411,417,417,411,411,417,417,411,411,417,417,417,411,417,417,417,411,411,417,417,411,411,417,417,417,411,417,417,417,411,411,417,417,411,411,417,417,417,411,417,417,417,410,411,417,417,411,411,417,417,417
411,417,417,417,410,410,417,417,410,411,417,417,417,411,417,417,417,410,411,417,417,411,411,417,417,417,411,417,417,417,411,411,417,417,411,411,417,417,417,411,417,417,417,411,411,417,417,411,411,417,417,417,411,417,417,417,411,411,417,417,410,410,417,417,417,411,417,417,417,411,411,417,417,411,411,417,417,414,411,417,417,417,411,411,417,417,410,411,417,417,411,411,417,417,417,411,411,417,417,410
411,417,417,417,411,417,417,417,411,411,417,417,411,411,417,417,417,410,417,417,417,411,411,417,417,411,410,417,417,416,411,417,417,417,411,411,417,417,411,411,417,417,412,411,417,417,417,411,410,417,417,411,411,417,417,411,411,417,417,417,411,411,417,417,411,411,417,417,411,411,417,417,417,411,411,417,417,411,411,417,417,411,411,417,417,417,411,411,417,417,410,411,417,417,417,411,417,417,417,411
411,417,417,411,411,417,417,411,410,417,417,417,411,411,417,417,411,411,417,417,411,410,417,417,417,411,411,417,417,411,410,417,417,411,411,417,417,417,410,411,417,417,410,411,417,417,411,411,417,417,417,411,417,417,417,411,411,417,417,410,411,417,417,417,410,417,417,417,411,411,417,417,411,410,417,417,417,411,417,417,417,411,410,417,417,411,411,417,417,417,411,417,417,417,411,410,417,417,411,411
417,417,417,411,417,417,417,411,411,417,417,411,411,417,417,417,411,417,417,417,410,411,417,417,411,411,417,417,417,411,417,417,417,410,411,417,417,411,411,417,417,417,411,417,417,417,411,411,417,417,411,411,417,417,417,411,417,417,417,411,411,417,417,411,411,417,417,417,411,417,417,417,410,411,417,417,411,411,417,417,417,411,417,417,417,411,411,417,417,411,411,417,417,417,411,417,417,417,411,411
417,417,411,411,417,417,417,411,417,417,417,411,411,417,417,410,411,417,417,417,411,417,417,417,411,411,417,417,411,411,417,417,417,411,417,417,417,411,411,417,417,411,411,417,417,417,411,417,417,417,410,411,417,417,411,411,417,417,417,411,417,417,417,411,411,417,417,411,411,417,417,417,411,417,417,417,411,410,417,417,411,411,417,417,417,411,417,417,417,411,411,417,417,411,411,417,417,417,411,417
417,417,411,410,417,417,411,411,417,417,417,411,417,417,417,411,411,417,417,410,411,417,417,412,411,417,417,417,411,411,417,417,411,410,417,417,411,411,417,417,417,411,411,417,417,411,411,417,417,413,411,417,417,417,411,411,417,417,411,411,417,417,417,411,417,417,417,411,411,417,417,411,411,417,417,415,411,417,417,417,410,411,417,417,411,410,417,417,417,411,417,417,417,411,411,417,417,411,411,417
417,417,411,417,417,417,411,411,417,417,411,411,417,417,417,411,417,417,417,411,411,417,417,411,411,417,417,417,411,417,417,417,410,411,417,417,411,411,417,417,417,411,417,417,417,411,411,417,417,410,411,417,417,417,411,417,417,417,411,411,417,417,411,411,417,417,417,411,417,417,417,411,411,417,417,411,411,417,417,417,411,417,417,417,411,411,417,417,410,411,417,417,417,411,417,417,417,410,411,417
417,411,411,417,417,417,411,417,417,417,410,410,417,417,411,411,417,417,417,411,417,417,417,411,411,417,417,410,411,417,417,417,411,417,417,417,410,411,417,417,411,411,417,417,417,411,417,417,417,411,411,417,417,411,411,417,417,417,411,417,417,417,410,410,417,417,411,411,417,417,417,411,417,417,417,411,411,417,417,410,411,417,417,417,411,417,417,417,411,411,417,417,410,411,417,417,417,411,417,417
417,411,411,417,417,411,411,417,417,411,410,417,417,417,411,411,417,417,411,411,417,417,411,411,417,417,417,411,411,417,417,410,411,417,417,411,411,417,417,417,411,412,417,417,411,411,417,417,411,411,417,417,417,411,417,417,417,411,411,417,417,411,410,417,417,417,411,417,417,417,410,410,417,417,411,411,417,417,417,411,417,417,417,411,411,417,417,411,411,417,417,417,411,417,417,417,411,411,417,417
411,411,417,417,417,411,417,417,417,410,411,417,417,410,411,417,417,417,411,417,417,417,411,410,417,417,411,411,417,417,417,410,417,417,417,410,411,417,417,411,410,417,417,417,410,417,417,417,410,411,417,417,411,411,417,417,416,411,417,417,417,411,411,417,417,411,411,417,417,411,410,417,417,417,411,411,417,417,411,411,417,417,410,411,417,417,417,411,411,417,417,410,411,417,417,411,411,417,417,417
411,411,417,417,410,411,417,417,411,411,417,417,417,411,417,417,417,411,411,417,417,411,411,417,417,417,411,417,417,417,411,411,417,417,411,410,417,417,417,411,417,417,417,411,411,417,417,411,411,417,417,417,411,417,417,417,411,411,417,417,410,411,417,417,417,411,417,417,417,411,411,417,417,411,411,417,417,417,411,417,417,417,411,410,417,417,411,411,417,417,417,411,417,417,417,410,411,417,417,411
410,417,417,417,411,417,417,417,411,411,417,417,411,411,417,417,417,411,417,417,417,411,411,417,417,410,411,417,417,416,411,417,417,417,410,411,417,417,411,410,417,417,416,411,417,417,417,411,411,417,417,411,411,417,417,417,411,417,417,417,411,411,417,417,411,411,417,417,417,411,417,417,417,411,410,417,417,411,411,417,417,417,411,417,417,417,411,410,417,417,411,411,417,417,417,411,417,417,417,411
411,417,417,410,411,417,417,417,411,417,417,417,411,411,417,417,411,411,417,417,417,411,417,417,417,411,411,417,417,411,411,417,417,417,411,417,417,417,411,411,417,417,411,411,417,417,417,410,417,417,417,411,411,417,417,411,410,417,417,417,411,417,417,417,411,411,417,417,411,411,417,417,417,411,417,417,417,411,411,417,417,411,411,417,417,417,411,417,417,417,411,411,417,417,411,410,417,417,417,411
417,417,417,411,411,417,417,411,411,417,417,417,411,417,417,417,410,411,417,417,411,411,417,417,417,411,417,417,417,411,411,417,417,411,410,417,417,417,411,417,417,417,410,411,417,417,411,411,417,417,417,411,417,417,417,411,411,417,417,411,411,417,417,417,410,417,417,417,411,411,417,417,411,411,417,417,417,411,417,417,417,411,411,417,417,411,411,417,417,417,411,417,417,417,411,411,417,417,411,411
417,417,417,411,417,417,417,410,410,417,417,411,411,417,417,416,410,417,417,417,411,411,417,417,411,411,417,417,417,411,417,417,417,411,411,417,417,411,410,417,417,417,411,417,417,417,411,411,417,417,411,410,417,417,417,411,417,417,417,411,411,417,417,411,411,417,417,413,411,417,417,417,411,411,417,417,411,411,417,417,417,411,417,417,417,411,411,417,417,411,411,417,417,417,411,417,417,417,411,411
417,417,411,411,417,417,417,410,417,417,417,410,411,417,417,411,411,417,417,416,411,417,417,417,411,411,417,417,411,411,417,417,417,411,417,417,417,411,410,417,417,411,411,417,417,414,411,417,417,417,411,411,417,417,411,411,417,417,416,411,417,417,417,411,411,417,417,411,411,417,417,415,411,417,417,417,411,411,417,417,411,411,417,417,411,411,417,417,417,410,411,417,417,411,411,417,417,411,411,417
417,417,411,411,417,417,411,411,417,417,411,411,417,417,417,411,417,417,417,411,410,417,417,411,411,417,417,417,411,417,417,417,411,411,417,417,411,411,417,417,417,411,417,417,417,410,411,417,417,411,411,417,417,417,411,417,417,417,411,411,417,417,411,411,417,417,417,410,417,417,417,410,411,417,417,411,411,417,417,414,411,417,417,417,411,411,417,417,411,411,417,417,417,411,417,417,417,411,411,417
417,411,411,417,417,415,411,417,417,417,411,411,417,417,411,411,417,417,411,411,417,417,417,411,411,417,417,411,411,417,417,416,411,417,417,417,411,410,417,417,411,410,417,417,413,411,417,417,417,411,411,417,417,411,411,417,417,411,411,417,417,416,411,410,417,417,411,410,417,417,411,411,417,417,417,410,411,417,417,411,411,417,417,410,411,417,417,417,411,411,417,417,411,411,417,417,411,411,417,417
417,410,410,417,417,411,410,417,417,414,411,417,417,417,411,410,417,417,411,410,417,417,411,411,417,417,417,410,411,417,417,411,411,417,417,411,411,417,417,417,410,416,417,417,411,411,417,417,410,411,417,417,417,411,417,417,417,411,411,417,417,411,411,417,417,417,411,417,417,417,411,411,417,417,411,411,417,417,417,411,417,417,417,411,411,417,417,411,411,417,417,417,411,417,417,417,411,411,417,417
411,411,417,417,417,411,417,417,417,411,411,417,417,411,411,417,417,417,411,417,417,417,411,411,417,417,411,411,417,417,417,411,417,417,417,411,411,417,417,411,411,417,417,417,411,417,417,417,411,411,417,417,411,411,417,417,417,411,417,417,417,411,411,417,417,411,411,417,417,417,411,417,417,417,411,411,417,417,411,411,417,417,417,411,417,417,417,410,411,417,417,411,411,417,417,417,411,417,417,417
411,411,417,417,411,411,417,417,417,411,417,417,417,411,411,417,417,411,411,417,417,417,411,417,417,417,411,411,417,417,411,411,417,417,417,411,417,417,417,411,411,417,417,411,411,417,417,417,411,417,417,417,411,411,417,417,411,411,417,417,417,411,417,417,417,411,411,417,417,411,411,417,417,417,411,417,417,417,411,411,417,417,411,411,417,417,417,411,417,417,417,411,411,417,417,411,410,417,417,417
411,417,417,417,411,411,417,417,411,411,417,417,417,411,417,417,417,410,411,417,417,410,411,417,417,417,411,417,417,417,411,411,417,417,411,411,417,417,417,411,417,417,417,411,411,417,417,411,411,417,417,417,411,417,417,441,411,411,417,417,411,411,417,417,417,411,417,417,417,411,411,417,417,411,411,417,417,417,411,417,417,417,411,411,417,417,411,411,417,417,417,411,417,417,417,411,411,417,417,411
411,417,417,417,411,417,417,417,411,411,417,417,411,411,417,417,417,411,417,417,417,411,411,417,417,411,411,417,417,417,411,417,417,417,411,411,417,417,411,411,417,417,417,410,417,417,417,411,411,417,417,411,411,417,417,417,411,417,417,417,411,411,417,417,411,411,417,417,417,411,417,417,417,411,411,417,417,411,411,417,417,417,411,417,417,417,411,411,417,417,411,411,417,417,417,411,417,417,417,411
411,417,417,411,411,417,417,417,411,417,417,417,411,411,417,417,411,411,417,417,417,411,417,417,417,411,411,417,417,411,411,417,417,417,411,417,417,417,411,411,417,417,411,411,417,417,417,411,417,417,417,411,411,417,417,411,411,417,417,417,411,417,417,417,411,411,417,417,411,411,417,417,417,411,417,417,417,411,411,417,417,411,411,417,417,417,411,417,417,417,411,411,417,417,411,411,417,417,417,411
417,417,417,411,411,417,417,411,411,417,417,417,411,417,417,417,410,411,417,417,411,411,417,417,417,411,417,417,417,411,411,417,417,411,411,417,417,417,411,417,417,417,411,411,417,417,411,410,417,417,417,411,417,417,417,411,411,417,417,411,411,417,417,417,411,417,417,417,410,411,417,417,411,411,417,417,417,411,417,417,417,411,411,417,417,411,411,417,417,417,411,417,417,417,411,411,417,417,411,411
417,417,417,410,417,417,417,411,411,417,417,410,411,417,417,417,410,417,417,417,411,411,417,417,411,411,417,417,417,411,417,417,417,411,411,417,417,410,411,417,417,417,411,417,417,417,411,411,417,417,411,411,417,417,417,411,417,417,417,411,411,417,417,411,411,417,417,417,411,417,417,417,411,411,417,417,411,411,417,417,412,411,417,417,417,411,411,417,417,435,411,417,417,417,411,417,417,417,411,411
417,417,411,411,417,417,417,411,417,417,417,411,411,417,417,411,411,417,417,417,411,417,417,417,411,410,417,417,411,411,417,417,416,411,417,417,417,411,411,417,417,411,411,417,417,417,411,417,417,417,411,411,417,417,411,411,417,417,417,411,417,417,417,411,411,417,417,411,411,417,417,417,411,417,417,417,411,411,417,417,411,411,417,417,417,411,417,417,417,411,411,417,417,411,411,417,417,417,411,417
417,417,411,411,417,417,411,411,417,417,417,411,417,417,417,411,411,417,417,411,411,417,417,417,411,417,417,417,411,411,417,417,411,411,417,417,416,410,417,417,417,411,411,417,417,411,411,417,417,417,411,417,417,417,411,411,417,417,411,411,417,417,417,411,417,417,417,411,411,417,417,411,410,417,417,417,411,417,417,417,411,411,417,417,411,411,417,417,417,411,417,417,417,411,411,417,417,410,410,417
417,417,411,417,417,417,411,411,417,417,411,411,417,417,417,411,417,417,417,411,411,417,417,411,411,417,417,417,411,417,417,417,411,411,417,417,411,411,417,417,417,411,417,417,417,411,411,417,417,411,411,417,417,417,411,417,417,417,411,411,417,417,411,411,417,417,417,411,417,417,417,411,411,417,417,411,411,417,417,417,411,417,417,417,411,411,417,417,411,411,417,417,417,411,417,417,417,411,411,417
417,411,410,417,417,417,411,417,417,417,411,411,417,417,411,411,417,417,417,411,417,417,417,411,411,417,417,411,411,417,417,417,411,417,417,417,411,411,417,417,411,411,417,417,413,411,417,417,417,411,411,417,417,411,411,417,417,417,411,417,417,417,411,411,417,417,411,411,417,417,417,411,417,417,417,411,411,417,417,411,411,417,417,417,411,417,417,417,411,411,417,417,411,411,417,417,417,411,417,417
417,411,411,417,417,410,411,417,417,411,411,417,417,417,410,411,417,417,411,410,417,417,411,411,417,417,417,411,411,417,417,411,411,417,417,411,411,417,417,417,411,411,417,417,411,411,417,417,411,411,417,417,417,411,411,417,417,411,411,417,417,411,411,417,417,417,411,411,417,417,411,411,417,417,411,411,417,417,417,411,416,417,417,411,411,417,417,411,411,417,417,417,411,414,417,417,411,411,417,417
411,411,417,417,417,411,417,417,417,411,411,417,417,411,411,417,417,417,411,417,417,417,411,411,417,417,411,411,417,417,417,411,417,417,417,411,411,417,417,411,411,417,417,417,410,417,417,417,411,411,417,417,411,411,417,417,417,411,417,417,417,411,411,417,417,411,411,417,417,417,411,417,417,417,411,410,417,417,411,411,417,417,417,411,417,417,417,411,411,417,417,410,411,417,417,417,411,417,417,417
411,411,417,417,411,411,417,417,417,411,417,417,417,411,411,417,417,411,411,417,417,417,411,417,417,417,411,411,417,417,411,411,417,417,417,411,417,417,417,411,411,417,417,411,411,417,417,417,411,417,417,417,411,411,417,417,411,411,417,417,417,411,417,417,417,411,411,417,417,411,411,417,417,417,411,417,417,417,411,411,417,417,411,411,417,417,417,410,417,417,417,411,411,417,417,411,411,417,417,417
411,417,417,417,411,411,417,417,411,411,417,417,417,411,417,417,417,411,411,417,417,411,411,417,417,417,410,417,417,417,410,411,417,417,411,411,417,417,417,411,417,417,417,411,411,417,417,411,411,417,417,417,411,417,417,417,411,411,417,417,411,411,417,417,417,411,417,417,417,411,411,417,417,411,411,417,417,417,411,417,417,417,411,411,417,417,411,411,417,417,417,411,417,417,417,411,411,417,417,411
411,417,417,417,411,417,417,417,411,411,417,417,410,411,417,417,417,410,417,417,417,411,411,417,417,411,411,417,417,417,411,417,417,417,411,411,417,417,411,411,417,417,417,411,417,417,417,411,411,417,417,411,411,417,417,417,411,417,417,417,411,411,417,417,411,411,417,417,417,411,417,417,417,411,410,417,417,411,411,417,417,417,411,417,417,417,410,411,417,417,411,411,417,417,417,410,417,417,417,411
411,417,417,411,411,417,417,417,411,417,417,417,411,411,417,417,411,411,417,417,417,411,417,417,417,411,411,417,417,411,411,417,417,417,411,417,417,417,411,411,417,417,411,411,417,417,417,411,417,417,417,411,411,417,417,411,411,417,417,417,411,417,417,417,411,411,417,417,411,411,417,417,417,411,417,417,417,411,411,417,417,411,411,417,417,417,411,417,417,417,411,411,417,417,411,411,417,417,417,411
417,417,417,411,411,417,417,411,411,417,417,417,411,417,417,417,411,411,417,417,411,411,417,417,417,411,417,417,417,411,411,417,417,411,411,417,417,417,411,417,417,417,411,411,417,417,411,411,417,417,417,411,417,417,417,411,411,417,417,411,411,417,417,417,411,417,417,417,411,411,417,417,411,411,417,417,417,411,417,417,417,411,411,417,417,411,411,417,417,417,411,417,417,417,411,411,417,417,411,411
417,417,417,410,417,417,417,411,411,417,417,411,411,417,417,417,411,417,417,417,411,411,417,417,411,411,417,417,417,411,417,417,417,411,411,417,417,411,411,417,417,417,411,417,417,417,411,410,417,417,411,411,417,417,417,411,417,417,417,411,410,417,417,411,411,417,417,417,411,417,417,417,411,411,417,417,411,411,417,417,417,411,417,417,417,411,411,417,417,411,411,417,417,417,411,417,417,417,411,411
417,417,411,411,417,417,417,411,417,417,417,411,411,417,417,411,411,417,417,417,411,417,417,417,411,411,417,417,411,411,417,417,417,411,417,417,417,411,411,417,417,411,411,417,417,417,411,417,417,417,411,411,417,417,411,411,417,417,417,411,417,417,417,411,411,417,417,411,411,417,417,417,411,417,417,417,411,411,417,417,411,411,417,417,417,411,417,417,417,411,411,417,417,411,411,417,417,417,411,417
417,417,411,411,417,417,411,411,417,417,417,411,417,417,417,411,411,417,417,411,411,417,417,417,410,417,417,417,411,411,417,417,411,411,417,417,417,411,417,417,417,411,411,417,417,411,411,417,417,417,411,417,417,417,411,411,417,417,410,411,417,417,417,411,417,417,417,411,411,417,417,411,411,417,417,417,411,417,417,417,411,411,417,417,411,411,417,417,417,410,417,417,417,410,411,417,417,411,411,417
417,417,411,417,417,417,411,411,417,417,411,411,417,417,417,411,417,417,417,411,411,417,417,411,411,417,417,417,411,417,417,417,411,411,417,417,411,411,417,417,417,410,417,417,417,411,410,417,417,411,411,417,417,417,411,417,417,417,411,411,417,417,411,411,417,417,414,410,417,417,417,411,411,417,417,411,411,417,417,417,410,417,417,417,411,411,417,417,411,411,417,417,417,411,417,417,417,411,411,417
417,411,411,417,417,413,411,417,417,417,411,411,417,417,411,411,417,417,411,411,417,417,417,411,411,417,417,411,411,417,417,411,411,417,417,417,411,411,417,417,411,411,417,417,412,411,417,417,417,411,435,417,417,411,411,417,417,417,411,417,417,417,411,411,417,417,411,411,417,417,417,411,417,417,417,411,411,417,417,411,411,417,417,417,411,417,417,417,411,411,417,417,411,411,417,417,417,411,417,417
417,411,410,417,417,411,411,417,417,417,411,417,417,417,411,411,417,417,411,411,417,417,417,411,417,417,417,411,411,417,417,411,411,417,417,417,411,417,417,417,411,411,417,417,411,411,417,417,417,411,417,417,417,411,411,417,417,411,411,417,417,417,411,417,417,417,411,411,417,417,411,411,417,417,417,411,417,417,417,411,411,417,417,411,411,417,417,417,411,417,417,417,411,411,417,417,411,411,417,417
417,411,417,417,417,411,411,417,417,411,411,417,417,417,411,417,417,417,411,411,417,417,410,411,417,417,417,411,417,417,417,411,411,417,417,411,411,417,417,417,411,417,417,417,411,411,417,417,411,411,417,417,417,411,417,417,417,411,411,417,417,411,411,417,417,417,411,417,417,417,411,411,417,417,411,411,417,417,417,411,417,417,417,411,411,417,417,411,411,417,417,417,411,417,417,417,411,411,417,417
411,411,417,417,417,411,417,417,417,411,411,417,417,411,411,417,417,417,411,417,417,417,411,411,417,417,411,411,417,417,417,411,417,417,417,411,411,417,417,411,410,417,417,417,411,417,417,417,411,411,417,417,411,411,417,417,417,411,417,417,417,411,411,417,417,411,411,417,417,417,411,417,417,417,411,411,417,417,411,410,417,417,414,411,417,417,417,411,411,417,417,411,411,417,417,417,411,417,417,417
411,411,417,417,411,411,417,417,417,411,417,417,417,411,411,417,417,411,411,417,417,417,411,417,417,417,411,411,417,417,411,411,417,417,417,411,417,417,417,411,411,417,417,411,411,417,417,417,411,417,417,417,411,411,417,417,411,411,417,417,417,411,417,417,417,411,411,417,417,411,411,417,417,417,410,417,417,417,411,411,417,417,411,411,417,417,417,411,417,417,417,411,411,417,417,411,411,417,417,417
411,417,417,417,411,411,417,417,411,411,417,417,417,411,417,417,417,411,411,417,417,411,411,417,417,411,411,417,417,417,411,411,417,417,411,411,417,417,417,411,417,417,417,411,411,417,417,411,411,417,417,417,411,417,417,441,411,411,417,417,411,411,417,417,417,411,417,417,417,411,411,417,417,411,411,417,417,417,411,417,417,417,411,411,417,417,411,411,417,417,417,411,417,417,417,411,411,417,417,411
411,417,417,417,411,417,417,417,411,411,417,417,411,411,417,417,417,411,417,417,417,411,411,417,417,411,411,417,417,417,411,417,417,417,411,411,417,417,411,411,417,417,417,411,417,417,417,411,411,417,417,411,411,417,417,417,411,417,417,417,411,411,417,417,411,411,417,417,417,411,417,417,417,411,411,417,417,411,411,417,417,417,411,417,417,417,411,411,417,417,411,411,417,417,417,411,417,417,417,411
411,417,417,411,411,417,417,417,411,417,417,417,411,410,417,417,411,411,417,417,417,411,417,417,417,410,411,417,417,411,411,417,417,417,411,417,417,417,411,411,417,417,411,411,417,417,417,411,417,417,417,411,411,417,417,411,411,417,417,417,411,417,417,417,410,411,417,417,411,411,417,417,417,411,417,417,417,411,411,417,417,411,411,417,417,417,411,417,417,417,411,411,417,417,411,411,417,417,417,411
417,417,417,411,411,417,417,410,411,417,417,417,411,417,417,417,411,411,417,417,411,411,417,417,417,411,417,417,417,411,411,417,441,411,411,417,417,417,411,417,417,417,411,411,417,417,411,411,417,417,417,411,417,417,417,411,411,417,417,411,411,417,417,416,411,417,417,417,411,411,417,417,411,411,417,417,414,411,417,417,417,411,411,417,417,411,411,417,417,414,411,417,417,417,411,411,441,417,411,411
417,417,417,411,417,417,417,411,411,417,417,411,411,417,417,417,411,417,417,417,411,411,417,441,411,411,417,417,417,411,417,417,417,411,411,417,417,411,411,417,417,417,411,417,417,417,411,411,417,417,411,411,417,417,417,411,417,417,417,411,411,417,417,411,411,417,417,417,411,417,417,417,411,411,417,417,411,411,417,417,417,411,417,417,417,411,411,417,417,411,411,417,417,417,411,417,417,417,411,411
417,417,411,411,417,417,417,411,417,417,417,411,411,417,417,411,411,417,417,417,411,417,417,417,411,411,417,417,411,411,417,417,417,410,417,417,417,411,411,417,417,411,411,417,417,417,411,417,417,417,411,411,417,417,411,411,417,417,417,411,417,417,417,411,411,417,417,411,411,417,417,417,411,417,417,417,411,411,417,417,411,411,417,417,417,411,417,417,417,411,411,417,417,411,411,417,417,417,411,417
417,417,411,411,417,417,411,411,417,417,417,411,417,417,417,411,411,417,417,411,410,417,417,417,411,417,417,417,411,411,417,417,411,411,417,417,416,411,417,417,417,411,411,417,417,411,411,417,417,411,411,417,417,417,411,411,417,417,411,411,417,417,411,411,417,417,417,411,412,417,417,411,411,417,417,411,411,417,417,417,411,417,417,417,411,411,417,417,411,411,417,417,417,411,417,417,417,411,411,417
417,411,411,417,417,417,411,414,417,417,411,411,417,417,411,411,417,417,417,411,411,417,417,411,411,417,417,411,411,417,417,417,411,415,417,417,411,411,417,417,411,411,417,417,417,411,417,417,417,411,411,417,417,411,411,417,417,417,411,417,417,417,410,411,417,417,411,411,417,417,417,411,417,417,417,411,411,417,417,411,411,417,417,417,411,417,417,417,411,411,417,417,411,411,417,417,417,411,417,417
417,411,411,417,417,411,411,417,417,414,435,417,417,417,411,411,417,417,411,411,417,417,417,411,417,417,417,411,411,417,417,411,411,417,417,417,411,417,417,417,411,410,417,417,411,411,417,417,417,411,417,417,417,411,411,417,417,411,411,417,417,417,411,417,417,417,411,411,417,417,411,411,417,417,417,411,417,417,417,411,411,417,417,411,411,417,417,417,411,417,417,417,411,411,417,417,411,410,417,417
415,411,417,417,417,411,411,417,417,411,411,417,417,412,411,417,417,417,411,411,417,417,411,411,417,417,413,411,417,417,417,411,411,417,417,411,411,417,417,414,411,417,417,417,411,411,417,417,411,411,417,417,416,411,417,417,417,411,411,417,417,411,411,417,417,415,411,417,417,417,411,411,417,417,411,411,417,417,417,411,417,417,417,411,411,417,417,411,411,417,417,415,411,417,417,417,411,411,417,417
411,411,417,417,417,411,417,417,417,411,411,417,417,411,411,417,417,417,411,417,417,417,411,411,417,417,411,411,417,417,417,411,417,417,417,411,411,417,417,411,411,417,417,417,411,417,417,417,411,411,417,417,411,411,417,417,417,411,417,417,417,411,411,417,417,411,411,417,417,417,411,417,417,417,411,411,417,417,411,411,417,417,417,411,417,417,417,411,411,417,417,411,411,417,417,417,411,417,417,417
411,411,417,417,411,411,417,417,417,411,417,417,417,411,411,417,417,411,411,417,417,417,411,417,417,417,411,411,417,417,411,411,417,417,417,411,417,417,417,411,411,417,417,411,411,417,417,417,411,417,417,417,411,411,417,417,411,411,417,417,411,411,417,417,417,411,411,417,417,411,411,417,417,417,410,417,417,417,411,411,417,417,411,411,417,417,417,411,417,417,417,411,411,417,417,411,411,417,417,417
411,417,417,417,411,411,417,417,411,411,417,417,417,411,417,417,417,411,411,417,417,411,411,417,417,417,411,417,417,417,411,411,417,417,411,411,417,417,417,411,417,417,417,411,411,417,417,411,410,417,417,417,411,417,417,417,411,411,417,417,411,411,417,417,417,411,417,417,417,411,410,417,417,411,411,417,417,417,411,417,417,417,411,411,417,417,411,411,417,417,417,411,417,417,417,411,411,417,417,411
411,417,417,417,411,417,417,417,411,411,417,417,411,411,417,417,417,411,417,441,417,411,411,417,417,411,411,417,417,417,411,417,417,417,411,411,417,417,411,410,417,417,417,411,417,417,417,411,411,417,417,411,411,417,417,417,411,417,417,417,411,411,417,417,411,411,417,417,417,411,417,417,417,411,411,417,417,411,411,417,417,417,411,417,417,417,411,411,417,417,411,411,417,417,417,411,417,417,417,411
411,417,417,411,411,417,417,417,410,417,417,417,411,411,417,417,411,411,417,417,417,411,417,417,417,411,411,417,417,411,411,417,417,417,411,417,417,417,411,410,417,417,411,411,417,417,417,411,417,417,417,410,411,417,417,411,411,417,417,417,411,417,417,417,411,411,417,417,411,411,417,417,417,411,417,417,417,411,411,417,417,411,411,417,417,417,411,417,417,417,411,411,417,417,411,411,417,417,417,411
417,417,417,411,411,417,417,411,411,417,417,417,411,417,417,417,411,411,417,417,411,411,417,417,412,411,417,417,417,411,411,417,417,411,411,417,417,411,411,417,417,417,411,411,417,417,411,411,417,417,417,411,417,417,417,410,411,417,417,411,411,417,417,413,411,417,417,417,411,411,417,417,411,411,417,417,416,411,417,417,417,411,411,417,417,411,411,417,417,414,411,417,417,417,411,411,417,417,411,411
417,417,411,411,417,417,417,411,411,417,417,411,411,417,417,411,411,417,417,417,411,411,417,417,411,411,417,417,410,410,417,417,417,411,411,417,417,411,411,417,417,411,411,417,417,417,411,411,417,417,411,411,417,417,410,411,417,417,417,411,411,417,417,411,411,417,417,411,411,417,417,417,411,417,417,417,411,411,417,417,411,411,417,417,417,411,417,417,417,411,411,417,417,411,411,417,417,417,411,417
417,417,411,411,417,417,411,411,417,417,417,411,417,417,417,411,411,417,417,411,411,417,417,417,411,417,417,417,411,411,417,417,411,411,417,417,417,411,417,417,417,411,411,417,417,411,411,417,417,417,411,417,417,417,411,410,417,417,411,411,417,417,417,411,417,417,417,411,411,417,417,411,411,417,417,417,411,417,417,417,411,411,417,417,411,411,417,417,417,411,417,417,417,411,411,417,417,411,411,417
417,417,411,417,417,417,411,411,417,417,411,411,417,417,417,411,417,417,417,411,411,417,417,411,411,417,417,417,411,417,417,417,411,411,417,417,411,411,417,417,417,411,417,417,417,411,411,417,417,411,411,417,417,417,411,417,417,417,410,411,417,417,411,411,417,417,417,411,417,417,417,411,411,417,417,411,411,417,417,417,411,417,417,417,411,411,417,417,411,411,417,417,417,411,417,417,417,411,411,417
417,411,411,417,417,417,411,417,417,417,411,411,417,417,411,411,417,417,417,411,417,417,417,411,411,417,417,411,411,417,417,417,411,417,417,417,411,411,417,417,411,411,417,417,417,411,417,417,417,411,411,417,417,411,411,417,417,417,411,417,417,417,410,411,417,417,411,411,417,417,417,410,417,417,417,411,411,417,417,411,411,417,417,414,411,417,417,417,411,411,417,417,411,411,417,417,417,411,417,417
417,411,411,417,417,411,411,417,417,417,411,417,417,417,410,411,417,417,411,411,417,417,417,411,417,417,417,411,411,417,417,411,411,417,417,417,411,417,417,417,411,411,417,417,411,410,417,417,417,411,417,417,417,411,411,417,417,411,411,417,417,417,411,417,417,417,411,411,417,417,411,411,417,417,417,411,417,417,417,411,411,417,417,411,411,417,417,417,411,417,417,417,411,411,417,417,411,411,417,417
417,411,417,417,417,411,411,417,417,411,411,417,417,417,411,417,417,417,411,411,417,417,410,411,417,417,417,411,417,417,417,411,411,417,417,411,410,417,417,417,411,417,417,417,411,411,417,417,411,411,417,417,417,411,417,417,417,411,411,417,417,411,411,417,417,417,411,417,417,417,411,411,417,417,411,411,417,417,417,411,417,417,417,411,411,417,417,411,411,417,417,417,411,417,417,417,411,411,417,417
411,411,417,417,417,411,417,417,417,411,410,417,417,411,411,417,417,417,411,417,417,417,411,411,417,417,411,411,417,417,417,411,417,417,417,411,411,417,417,411,411,417,417,417,411,417,417,417,411,411,417,417,411,411,417,417,417,411,417,417,417,411,411,417,417,411,411,417,417,417,411,417,417,417,411,411,417,417,411,411,417,417,417,411,417,417,417,411,411,417,417,411,411,417,417,417,411,417,417,417
411,411,417,417,411,411,417,417,417,411,417,417,417,411,411,417,417,411,411,417,417,417,411,417,417,417,411,411,417,417,411,411,417,417,417,411,417,417,417,411,411,417,417,411,411,417,417,417,411,417,417,417,411,411,417,417,411,411,417,417,417,411,417,417,417,411,411,417,417,411,411,417,417,417,411,417,417,417,411,411,417,417,411,411,417,417,417,411,417,417,417,411,411,417,417,411,411,417,417,414
411,417,417,417,411,410,417,417,411,411,417,417,417,410,417,417,417,411,411,417,417,411,410,417,417,417,411,417,417,417,411,411,417,417,411,411,417,417,417,411,417,417,417,411,411,417,417,411,411,417,417,417,411,417,417,417,411,411,417,417,411,411,417,417,417,411,417,417,417,411,411,417,417,411,411,417,417,417,411,417,417,417,411,410,417,417,411,411,417,417,417,411,417,417,417,411,411,417,417,411
411,417,417,417,411,417,417,417,411,411,417,417,411,410,417,417,417,411,417,417,417,411,411,417,417,411,411,417,417,417,410,417,417,417,411,411,417,417,411,411,417,417,417,411,417,417,417,411,411,417,417,411,411,417,417,417,411,417,417,417,410,411,417,417,411,411,417,417,417,411,417,417,417,411,411,417,417,411,411,417,417,417,411,417,417,417,410,411,417,417,411,411,417,417,417,411,417,417,417,411
411,417,417,411,411,417,417,417,411,417,417,417,410,411,417,417,411,411,417,417,417,411,417,417,417,411,411,417,417,411,411,417,417,417,411,417,417,417,411,411,417,417,411,411,417,417,417,411,417,417,417,410,411,417,417,411,410,417,417,417,411,417,417,417,411,411,417,417,411,411,417,417,417,411,417,417,417,411,411,417,417,411,411,417,417,417,411,417,417,417,411,410,417,417,411,411,417,417,417,411
417,417,417,410,410,417,417,411,411,417,417,417,411,417,417,417,411,411,417,417,411,411,417,417,417,411,417,417,417,411,411,417,417,411,411,417,417,417,411,417,417,417,411,411,417,417,411,411,417,417,417,411,417,417,417,411,411,417,417,411,411,417,417,417,411,417,417,417,411,411,417,417,411,411,417,417,417,411,417,417,417,411,411,417,417,411,410,417,417,417,411,417,417,417,411,411,417,417,411,411
417,417,417,411,417,417,417,411,411,417,417,411,411,417,417,417,411,417,417,417,411,411,417,417,411,411,417,417,417,411,417,417,417,411,411,417,417,411,411,417,417,417,411,417,417,417,411,411,417,417,411,411,417,417,417,411,417,417,417,411,411,417,417,411,411,417,417,417,411,417,417,417,411,411,417,417,411,411,417,417,417,411,417,417,417,411,411,417,417,411,411,417,417,417,411,417,417,417,411,411
417,417,411,411,417,417,417,411,417,417,417,411,411,417,417,411,410,417,441,417,411,417,417,417,411,411,417,417,411,411,417,417,417,411,417,417,417,410,411,417,417,411,411,417,417,417,411,417,417,417,411,411,417,417,411,411,417,417,417,411,417,417,417,411,411,417,417,410,411,417,417,417,411,417,417,417,411,411,417,417,411,411,417,417,417,411,417,417,417,411,411,417,417,411,411,417,417,417,411,417
417,417,411,411,417,417,411,411,417,417,417,411,417,417,417,411,411,417,417,411,411,417,417,417,411,417,417,417,411,411,417,417,411,411,417,417,417,411,417,417,417,411,411,417,417,411,411,417,417,417,411,417,417,417,411,411,417,417,411,411,417,417,417,411,441,417,417,411,411,417,417,411,411,417,417,417,411,417,417,417,411,411,417,417,411,411,417,417,417,411,417,417,417,411,411,417,417,411,411,417
417,417,411,417,417,417,411,411,417,417,411,411,417,417,417,411,417,417,417,411,411,417,417,411,411,417,417,417,411,417,417,417,411,411,417,417,411,411,417,417,417,411,417,417,417,410,411,417,417,411,411,417,417,417,411,417,417,417,411,411,417,417,411,411,417,417,417,411,417,417,417,411,411,417,417,411,411,417,417,417,411,417,417,417,411,411,417,417,411,411,417,417,417,411,417,417,417,410,411,417
417,411,411,417,417,417,411,417,417,417,411,411,417,417,411,411,417,417,417,411,417,417,417,411,411,417,417,411,411,417,417,417,411,417,417,417,411,411,417,417,411,411,417,417,417,411,417,417,417,411,411,417,417,411,411,417,417,417,411,417,417,417,411,411,417,417,411,411,417,417,417,411,417,417,417,411,411,417,417,411,411,417,417,417,411,417,417,417,411,411,417,417,411,411,417,417,417,411,417,417
417,411,411,417,417,411,411,417,417,417,411,417,417,417,411,411,417,417,411,411,417,417,417,411,417,417,417,411,411,417,417,411,411,417,417,417,411,417,417,417,411,411,417,417,411,411,417,417,417,411,417,417,417,411,411,417,417,411,411,417,417,417,411,417,417,417,411,411,417,417,411,411,417,417,417,411,417,417,417,411,410,417,417,411,411,417,417,417,410,417,417,417,411,411,417,417,411,411,417,417
417,411,417,417,417,411,411,417,417,411,411,417,417,417,411,417,417,417,411,411,417,417,411,411,417,417,417,411,417,417,417,411,411,417,417,411,411,417,417,417,411,417,417,417,411,411,417,417,411,411,417,417,417,411,417,417,417,411,411,417,417,411,411,417,417,417,411,417,417,417,411,411,417,417,411,411,417,417,417,411,417,417,417,411,411,417,417,411,411,417,417,417,411,417,417,417,411,411,417,417
411,411,417,417,417,411,417,417,417,411,411,417,417,411,411,417,417,417,411,417,417,417,411,411,417,417,411,411,417,417,417,411,417,417,417,411,411,417,417,411,411,417,417,417,411,417,417,417,411,411,417,417,411,411,417,417,417,411,417,417,417,411,411,417,417,411,411,417,417,417,411,417,417,417,411,411,417,417,411,411,417,417,417,411,417,417,417,411,411,417,417,411,411,417,417,417,411,417,417,417
411,411,417,417,411,411,417,417,417,411,417,417,417,411,411,417,417,411,411,417,417,417,411,417,417,417,411,411,417,417,411,411,417,417,417,411,417,417,417,411,411,417,417,411,411,417,417,417,411,417,417,417,411,411,417,417,411,411,417,417,417,411,417,417,417,411,411,417,417,411,411,417,417,417,411,417,417,417,411,411,417,417,411,411,417,417,417,411,417,417,417,411,411,417,417,411,411,417,417,417
411,417,417,417,411,411,417,417,411,411,417,417,417,411,417,417,417,411,411,417,417,411,411,417,417,417,411,417,417,417,411,411,417,417,411,411,417,417,417,411,417,417,417,411,411,417,417,411,411,417,417,417,411,417,417,417,411,411,417,417,411,411,417,417,417,411,417,417,417,411,411,417,417,411,411,417,417,417,411,417,417,417,411,411,417,417,411,411,417,417,417,411,417,417,417,411,411,417,417,411
411,417,417,417,411,417,417,417,411,411,417,417,411,411,417,417,417,411,417,417,417,411,411,417,417,411,411,417,417,417,411,417,417,417,411,411,417,417,411,411,417,441,417,411,417,417,417,411,411,417,417,411,411,417,417,441,411,411,417,441,411,411,417,417,417,411,417,417,417,411,411,417,417,411,411,417,417,417,411,417,417,417,411,411,417,417,411,411,417,417,417,411,417,417,417,411,411,417,417,411
411,417,417,417,411,417,417,417,411,411,417,417,411,411,417,417,417,411,417,417,417,411,411,417,417,411,411,417,417,417,411,417,417,417,411,411,417,417,411,411,417,417,417,411,417,417,417,411,411,417,417,411,411,417,417,417,411,417,417,417,411,411,417,417,411,411,417,417,414,411,417,417,417,411,411,417,417,411,411,417,417,411,411,417,417,417,411,411,417,417,411,411,417,417,417,411,417,417,417,411
411,417,417,411,411,417,417,417,411,417,417,417,411,411,417,417,411,411,417,417,417,411,417,417,417,411,411,417,417,411,411,417,417,417,411,417,417,417,411,411,417,417,411,411,417,417,417,411,417,417,417,411,411,417,417,411,411,417,417,417,411,417,417,417,411,411,417,417,411,411,417,417,417,411,417,417,417,411,411,417,417,411,411,417,417,417,411,417,417,417,411,411,417,417,411,411,417,417,417,411
417,417,417,411,411,417,417,411,411,417,417,417,411,417,417,417,411,411,417,417,411,411,417,417,417,411,417,417,417,411,411,417,417,411,411,417,417,417,411,417,417,417,411,411,417,417,411,411,417,417,417,411,417,417,417,411,411,417,417,411,411,417,417,417,411,417,417,417,411,411,417,417,411,411,417,417,417,411,417,417,417,411,411,417,417,411,411,417,417,417,411,417,417,417,411,411,417,417,411,411
417,417,417,411,417,417,417,411,411,417,417,411,411,417,417,417,411,417,417,417,411,411,417,417,411,411,417,417,417,411,417,417,417,411,411,417,417,411,411,417,417,417,411,417,417,417,411,411,417,417,411,411,417,417,417,411,417,417,417,411,411,417,417,411,411,417,417,417,411,417,417,417,411,411,417,417,411,411,417,417,417,411,417,417,417,411,411,417,417,411,411,417,417,417,411,417,417,417,411,411
417,417,411,411,417,417,417,411,417,417,417,411,411,417,417,411,411,417,417,417,411,417,417,417,411,411,417,417,411,411,417,417,417,411,417,417,417,411,411,417,417,411,411,417,417,417,411,417,417,417,411,411,417,417,411,411,417,417,417,411,417,417,417,411,411,417,417,411,435,417,417,417,411,411,417,417,411,411,417,417,411,410,417,417,417,411,411,417,417,411,411,417,417,411,411,417,417,417,411,411
417,417,411,411,417,417,411,411,417,417,417,411,411,417,417,411,411,417,417,411,411,417,417,417,411,411,417,417,411,411,417,417,411,411,417,417,417,411,411,417,417,411,411,417,417,411,411,417,417,417,411,411,417,417,411,411,417,417,411,411,417,417,417,411,411,417,417,411,411,417,441,417,411,417,417,417,411,411,417,417,411,411,417,417,417,411,417,417,417,411,411,417,417,411,411,417,417,417,411,417
417,417,411,411,417,417,411,411,417,417,417,411,417,417,417,411,411,417,417,411,411,417,417,416,411,417,417,417,411,411,417,417,411,411,417,417,415,411,417,417,417,411,411,417,417,411,411,417,417,417,411,417,417,417,411,411,417,417,411,411,417,417,417,411,417,417,417,411,411,417,417,411,411,417,417,417,411,417,417,417,411,411,417,417,411,411,441,417,417,411,417,417,417,411,411,417,417,411,411,417
417,417,411,417,417,417,411,411,417,417,411,411,417,417,417,411,417,417,417,411,411,417,417,411,411,417,417,417,411,417,417,417,411,411,417,417,411,411,417,417,417,411,417,417,417,411,411,417,417,411,411,417,417,417,411,417,417,417,411,411,417,417,411,411,417,417,417,411,417,417,417,411,411,417,417,411,411,417,417,417,411,417,417,417,411,411,417,417,411,411,417,417,417,411,417,417,417,411,411,417
417,411,411,417,417,417,411,417,417,417,411,411,417,417,411,411,417,417,417,411,417,417,417,411,411,417,417,411,411,417,417,417,411,417,417,417,411,411,417,417,411,411,417,417,417,411,417,417,417,411,411,417,417,411,411,417,417,417,411,417,417,417,411,411,417,417,411,411,417,417,417,411,417,417,417,411,411,417,417,411,411,417,417,415,411,417,417,417,411,411,417,417,411,411,417,417,417,411,417,417
417,411,411,417,417,411,411,417,417,413,411,417,417,417,411,411,417,417,411,411,417,417,413,411,417,417,417,411,411,417,417,411,411,417,417,414,411,417,417,417,411,411,417,417,411,411,417,417,417,411,417,417,417,411,411,417,417,411,411,417,417,417,411,417,417,417,411,411,417,417,411,411,417,417,417,411,417,417,417,411,411,417,417,411,411,417,417,417,411,417,417,417,411,411,417,417,411,411,417,417
417,411,417,417,417,411,411,417,417,411,411,417,417,417,411,417,417,417,411,411,417,417,411,411,417,417,417,411,417,417,417,411,411,417,417,411,411,417,417,415,411,417,417,417,411,411,417,417,411,411,417,417,417,411,417,417,417,411,411,417,417,411,411,417,417,417,411,417,417,417,411,411,417,417,411,411,417,417,417,411,417,417,417,411,411,417,417,411,411,417,417,417,411,417,417,417,410,411,417,417
411,411,417,417,417,411,417,417,417,411,411,417,417,411,411,417,417,417,411,417,417,417,411,411,417,417,411,411,417,417,417,411,417,417,417,411,411,417,417,411,411,417,417,417,411,417,417,417,411,411,417,417,411,411,417,417,417,411,417,417,417,411,411,417,417,411,411,417,417,417,411,417,417,417,411,411,417,417,411,411,417,417,417,411,417,417,417,411,411,417,417,411,410,417,417,417,411,417,417,417
411,411,417,417,411,411,417,417,417,411,417,417,417,411,411,417,417,411,411,417,417,417,411,417,417,417,411,411,417,417,411,411,417,417,417,411,417,417,417,411,411,417,417,411,411,417,417,417,411,417,417,417,411,411,417,417,411,411,417,417,415,411,417,417,417,411,411,417,417,411,411,417,417,417,411,417,417,417,411,411,417,417,411,411,417,417,417,411,417,417,417,411,411,417,417,411,411,417,417,417
411,417,417,417,411,411,417,417,411,411,417,417,417,411,417,417,417,411,411,417,417,410,411,417,417,417,411,417,417,417,411,411,417,441,411,411,417,417,417,411,417,417,417,411,411,417,417,411,411,417,417,417,411,417,417,417,411,411,417,417,411,411,417,417,417,411,417,417,417,411,411,417,417,411,411,417,417,417,411,417,417,417,411,411,417,417,411,411,417,417,417,411,417,417,417,411,411,417,417,411
411,417,417,417,411,417,417,417,411,411,417,417,411,411,417,417,417,411,417,417,417,411,411,417,417,411,411,417,417,417,411,417,417,417,411,411,417,417,411,411,417,417,417,411,417,417,417,411,411,417,417,411,411,417,417,417,411,417,417,417,411,411,417,417,411,411,417,417,417,411,417,417,417,411,411,417,417,411,411,417,417,417,411,417,417,417,411,411,417,417,411,411,417,417,417,411,417,417,417,411
411,417,417,411,411,417,417,417,411,417,417,417,411,411,417,417,411,411,417,417,417,411,417,417,417,411,411,417,417,411,411,417,417,417,411,417,417,417,411,411,417,417,411,411,441,417,417,411,417,417,417,411,411,417,417,411,411,417,417,417,411,417,417,417,411,411,417,417,411,411,417,417,417,411,417,417,417,411,411,417,417,411,411,417,417,417,411,417,417,417,411,411,417,417,411,411,417,417,417,411
417,417,417,411,411,417,417,411,411,417,417,417,411,417,417,417,411,411,417,417,411,411,417,417,417,411,417,417,417,411,411,417,417,411,411,417,417,417,411,417,417,417,411,411,417,417,411,411,417,417,417,411,417,417,417,411,411,417,417,411,411,417,417,417,435,412,417,417,411,410,417,417,411,411,417,417,417,411,417,417,417,411,411,417,417,411,411,417,417,417,411,417,417,417,411,411,417,417,411,411
417,417,417,411,417,417,417,411,411,441,417,411,411,417,417,417,411,411,417,417,411,411,417,417,411,411,417,417,417,411,414,417,417,411,411,417,417,411,411,417,417,417,410,417,417,417,411,411,417,417,411,411,417,417,417,411,417,417,417,411,411,417,417,411,411,417,417,417,411,417,417,417,411,411,417,417,411,411,417,417,417,411,417,417,417,411,411,417,417,411,411,417,417,417,411,417,417,417,411,411
417,417,411,411,417,417,417,411,417,417,417,411,411,417,417,411,411,417,417,417,411,417,417,417,411,411,417,417,411,411,417,417,417,411,417,417,417,411,411,417,417,411,411,417,417,417,411,417,417,417,411,411,417,417,411,411,417,417,417,411,417,417,417,411,411,417,417,411,411,417,417,417,411,417,417,417,411,411,417,417,411,411,417,417,417,410,417,417,417,411,411,417,417,411,411,417,417,417,411,417
417,417,411,411,417,417,411,411,417,417,417,411,417,417,417,411,411,417,417,411,411,417,417,417,411,417,417,417,411,411,417,417,411,411,417,417,417,411,417,417,417,411,411,417,417,411,411,417,417,417,410,417,417,417,411,411,417,417,411,411,417,417,417,411,417,417,417,411,411,417,417,411,411,417,417,417,411,417,417,417,411,411,417,417,411,411,417,417,417,411,417,417,417,411,411,417,417,411,411,417
417,417,411,417,417,417,411,411,417,417,411,411,417,417,417,411,417,417,417,411,411,417,417,411,411,417,417,417,411,417,417,417,411,411,417,417,411,411,417,417,417,411,417,417,417,411,411,417,417,411,411,417,417,417,411,417,417,417,411,411,417,417,411,411,417,417,417,411,417,417,417,411,411,417,417,411,411,417,417,417,411,417,417,417,411,411,417,417,411,411,417,417,417,411,417,417,417,411,411,417
417,411,411,417,417,417,411,417,417,417,411,411,417,441,411,411,417,417,417,411,417,417,417,411,411,417,417,411,411,417,417,417,411,417,417,417,411,411,417,417,411,411,417,417,417,411,417,417,417,411,411,417,417,411,411,417,417,417,411,417,417,417,411,411,417,417,411,411,417,417,417,411,417,417,417,411,411,417,417,411,411,417,417,417,411,417,417,417,411,411,417,417,411,411,417,417,417,411,417,417
417,410,411,417,417,411,411,417,417,417,411,417,417,417,411,411,417,417,411,411,417,417,417,411,417,417,417,411,411,417,417,411,411,417,417,417,411,417,417,417,411,411,417,417,411,411,417,417,417,411,417,417,417,411,411,417,417,411,411,417,417,417,411,417,417,417,410,411,417,417,411,411,417,417,417,411,417,417,417,411,411,417,417,411,411,417,417,417,411,417,417,417,411,411,417,417,411,411,417,417
417,411,417,417,417,411,411,417,417,411,411,417,417,417,411,417,417,417,411,411,417,417,411,411,417,417,417,411,417,417,417,411,411,417,417,411,411,417,417,417,411,417,417,417,411,411,417,417,411,411,417,417,417,411,417,417,417,411,411,417,417,411,411,417,417,417,411,417,417,417,411,411,417,417,411,411,417,417,417,411,417,417,417,411,411,417,417,411,411,417,417,417,411,417,417,417,411,411,417,417
411,411,417,417,417,411,417,417,417,411,411,417,417,411,410,417,417,417,411,417,417,417,411,411,417,417,411,411,417,417,417,411,417,417,417,411,411,417,417,411,411,417,417,417,411,417,417,417,411,411,417,417,411,411,417,417,417,411,417,417,417,411,411,417,417,411,411,417,417,417,411,417,417,417,411,411,417,417,411,411,417,417,417,411,417,417,417,411,411,417,417,411,411,417,417,417,411,417,417,417
411,411,417,417,411,411,417,417,417,411,417,417,417,411,411,417,417,411,411,417,417,417,411,417,417,417,411,411,417,417,411,410,417,417,417,411,417,417,417,411,411,417,417,411,411,417,417,417,411,417,417,417,411,411,417,417,411,411,417,417,417,411,417,417,417,411,411,417,417,411,411,417,417,417,411,417,417,417,411,411,417,417,411,411,417,417,417,411,417,417,417,411,411,417,417,411,411,417,417,415
411,417,417,417,411,411,417,417,411,411,417,417,417,411,417,417,417,411,411,417,417,411,411,417,417,417,411,417,417,417,410,411,417,417,411,411,417,417,417,411,417,417,417,411,411,417,417,411,411,417,417,441,411,417,417,417,411,411,417,417,411,411,417,417,417,411,417,417,417,411,411,417,417,411,411,417,417,417,411,417,417,417,411,411,417,417,411,411,417,417,417,411,417,417,417,411,411,417,417,411
411,417,417,417,411,417,417,417,411,411,417,417,411,411,417,417,417,411,417,417,417,411,411,417,417,411,411,417,417,417,411,417,417,417,411,411,417,417,411,411,417,417,417,411,417,417,417,411,411,417,417,435,411,417,417,417,411,417,417,417,411,411,417,417,411,411,417,417,417,411,417,417,417,411,410,417,417,411,411,417,417,417,411,417,417,417,411,411,417,417,411,411,417,417,417,411,417,417,417,411
411,417,417,411,411,417,417,417,411,417,417,417,411,411,417,417,411,411,417,417,417,411,417,417,417,411,411,417,417,411,411,417,417,417,411,417,417,417,411,411,417,417,411,411,417,417,417,411,417,417,417,411,411,417,417,411,411,417,417,417,411,417,417,417,411,411,417,417,411,411,417,417,417,411,417,417,417,411,411,417,417,411,411,417,417,417,410,417,417,417,411,410,417,417,411,411,417,417,417,411
417,417,417,411,411,417,417,411,411,417,417,417,411,417,417,417,411,411,417,417,411,411,417,417,413,411,417,417,417,411,411,417,417,411,411,417,417,415,411,417,417,417,411,411,417,417,411,411,417,417,417,411,417,417,417,411,411,417,417,411,411,417,417,417,411,417,417,417,411,411,417,417,410,411,417,417,417,411,417,417,417,411,411,417,417,411,411,417,417,417,411,417,417,417,411,411,417,417,411,411
417,417,417,411,417,417,417,411,411,417,417,411,411,417,417,417,411,417,417,417,411,411,417,417,411,411,417,417,417,411,417,417,417,411,411,417,417,411,411,417,417,417,411,417,417,417,411,411,417,417,411,411,417,417,417,411,417,417,417,411,411,417,417,411,411,417,417,417,411,417,417,417,411,411,417,417,411,411,417,417,417,411,417,441,417,411,411,417,417,411,411,417,417,417,411,417,417,417,411,411
417,417,411,411,417,417,417,411,417,417,417,411,411,417,417,411,411,417,417,417,411,417,417,417,411,411,417,417,411,411,417,417,417,411,417,417,417,411,411,417,417,411,411,417,417,417,411,417,417,417,411,411,417,417,411,411,417,417,417,411,417,417,417,411,411,417,417,411,411,417,417,417,411,417,417,417,411,411,417,417,411,411,441,417,444,438,438,444,417,438,438,417,417,417,411,411,417,417,411,411
417,417,417,411,415,417,417,411,411,417,417,411,438,417,417,417,411,411,417,417,411,411,417,417,411,411,417,417,417,411,411,417,417,411,411,417,417,413,411,417,417,417,411,411,417,417,435,411,417,417,417,411,417,417,417,411,411,417,417,411,411,417,417,417,411,417,417,417,411,411,417,417,411,411,417,417,417,411,417,417,417,411,411,417,417,411,411,417,417,417,411,417,417,417,411,411,417,417,411,411
