519,492,454,583,484,491,490,498,498,444,446,441,492,438,441,438,433,513,513,519,519,519,519,519,519,513,513,513,513,513,513,513,519,519,519,519,519,519,513,513,513,513,513,512,519,519,519,519,519,519,519,513,513,513,513,512,513,519,519,519,519,519,519,514,513,513,513,513,513,513,519,519,519,519,519,519,513,513,513,513,513,513,513,519,519,519,519,519,519,513,513,513,513,513,513,513,519,519,519,519
519,519,513,512,513,513,513,513,519,519,519,519,519,519,519,512,513,513,513,513,513,519,519,519,519,519,519,513,513,513,513,513,513,513,519,519,519,519,519,519,513,513,513,513,513,513,513,519,519,519,519,519,519,513,513,513,513,513,513,513,519,519,519,519,519,519,512,513,513,513,513,513,519,519,519,519,519,519,519,513,513,513,513,513,513,519,519,519,519,519,519,515,513,513,513,513,513,513,519,519
519,519,519,519,513,513,513,513,513,513,513,519,519,519,519,519,519,513,513,513,513,513,513,513,519,519,519,519,519,519,513,513,513,513,513,513,519,519,519,519,519,519,519,513,513,513,513,513,513,519,519,519,519,519,519,515,513,513,513,513,513,513,519,519,519,519,519,519,513,513,513,513,512,513,513,519,519,519,519,519,519,513,513,513,513,513,513,513,519,519,519,519,519,519,513,513,513,512,513,513
519,519,519,519,519,519,519,513,513,513,513,513,513,519,519,519,519,519,519,513,513,513,513,513,513,513,519,519,519,519,519,519,513,513,513,513,512,513,513,519,519,519,519,519,519,513,513,513,513,513,513,513,519,519,519,519,519,519,513,513,513,513,513,513,519,519,519,519,519,519,519,513,513,513,513,513,513,519,519,519,519,519,519,516,513,513,513,513,513,513,519,519,519,519,519,519,513,513,512,513
513,513,513,519,519,519,519,519,519,513,513,513,513,513,513,513,519,519,519,519,519,519,513,513,513,513,513,513,519,519,519,519,519,519,519,513,513,513,513,513,540,546,519,519,519,519,519,514,513,513,513,513,513,489,495,519,519,519,519,519,513,513,513,513,513,513,513,519,519,519,519,519,519,513,513,513,513,513,513,513,519,519,519,519,519,519,513,513,513,513,513,513,519,519,519,519,519,519,519,513
513,513,513,513,513,519,519,519,519,519,519,515,513,513,513,513,513,512,519,519,519,519,519,519,513,513,513,513,513,513,513,519,519,519,519,519,519,513,513,513,513,513,513,513,519,519,519,519,519,519,513,513,513,513,513,513,519,519,519,519,519,519,519,513,512,513,513,513,512,519,519,519,519,519,519,515,513,513,513,513,513,513,519,519,519,519,519,519,513,513,513,513,512,512,513,519,519,519,519,519
519,513,513,513,513,513,513,513,519,519,519,519,519,519,513,513,513,513,513,513,519,519,519,519,519,519,519,513,513,513,513,513,513,519,519,519,519,519,519,513,513,513,513,513,513,513,519,519,519,519,519,519,513,512,513,513,513,513,513,519,519,519,519,519,519,513,513,513,513,513,512,513,519,519,519,519,519,519,513,513,513,513,513,513,519,519,519,519,519,519,519,513,513,513,512,513,513,519,519,519
519,519,519,516,513,513,513,513,512,513,519,519,519,519,519,519,513,513,513,513,512,513,513,519,519,519,519,519,519,513,513,513,513,513,513,513,519,519,519,519,519,519,513,513,513,513,513,513,519,519,519,519,519,519,519,513,513,512,513,513,513,519,519,519,519,519,519,514,513,513,513,513,513,513,519,519,519,519,519,519,513,513,513,513,513,513,513,519,519,519,519,519,519,513,513,513,513,513,513,513
519,519,519,519,519,519,513,513,513,513,513,513,519,519,519,519,519,519,519,513,513,513,513,513,513,519,519,519,519,519,519,515,513,513,513,513,513,513,519,519,519,519,519,519,513,513,513,513,513,513,513,519,519,519,519,519,519,513,513,513,513,513,513,513,519,519,519,519,519,519,513,513,513,513,513,513,519,519,519,519,519,519,519,513,513,513,513,513,513,519,519,519,519,519,519,514,513,513,513,513
513,513,519,519,519,519,519,519,513,513,513,513,513,513,513,519,519,519,519,519,519,513,513,513,513,513,513,513,519,519,519,519,519,519,513,513,513,513,513,513,519,519,519,519,519,519,519,513,513,513,513,513,513,519,519,519,519,519,519,515,513,512,513,513,513,513,519,519,519,519,519,519,512,513,513,513,513,513,513,519,519,519,519,519,519,513,513,512,513,513,512,513,519,519,519,519,519,519,513,513
513,513,513,513,519,519,519,519,519,519,519,513,513,513,512,513,513,519,519,519,519,519,519,515,513,513,513,513,513,513,519,519,519,519,519,519,512,513,513,513,513,513,513,519,519,519,519,519,519,513,513,513,513,513,513,513,519,519,519,519,519,519,513,513,513,513,513,513,519,519,519,519,519,519,519,512,513,513,513,513,512,519,519,519,519,519,519,513,513,513,513,513,513,513,519,519,519,519,519,519
513,513,513,513,513,513,513,519,519,519,519,519,519,513,513,513,513,513,513,513,519,519,519,519,519,519,513,513,513,513,513,513,519,519,519,519,519,519,519,512,513,513,513,513,513,519,519,519,519,519,519,513,512,513,513,513,513,513,519,519,519,519,519,519,513,513,513,513,513,512,513,519,519,519,519,519,519,513,513,513,513,513,513,513,519,519,519,519,519,519,513,512,512,513,513,513,519,519,519,519
519,519,519,513,513,513,513,513,513,519,519,519,519,519,519,514,513,513,513,513,513,513,519,519,519,519,519,519,513,513,513,513,513,513,513,519,519,519,519,519,519,513,512,513,513,513,513,513,519,519,519,519,519,519,513,513,513,512,513,513,519,519,519,519,519,519,519,513,513,513,513,513,513,519,519,519,519,519,519,515,513,513,513,513,513,513,519,519,519,519,519,519,513,512,513,513,513,513,513,519
519,519,519,519,519,513,513,513,513,513,513,513,519,519,519,519,519,519,513,513,513,513,513,512,519,519,519,519,519,519,519,513,513,513,513,513,513,519,519,519,519,519,519,513,513,513,513,513,513,513,519,519,519,519,519,519,513,513,513,513,513,513,513,519,519,519,519,519,519,513,513,513,513,513,513,513,519,519,519,519,519,519,513,513,513,513,513,513,519,519,519,519,519,519,519,513,513,513,513,513
513,519,519,519,519,519,519,515,513,513,513,513,513,513,519,519,519,519,519,519,513,513,513,513,513,513,513,519,519,519,519,519,519,513,513,513,513,513,513,512,519,519,519,519,519,519,513,513,513,513,513,513,519,519,519,519,519,519,519,513,513,513,513,513,513,519,519,519,519,519,519,515,513,513,513,512,513,513,519,519,519,519,519,519,513,513,513,513,513,513,513,519,519,519,519,519,519,513,489,513
513,513,513,513,519,519,519,519,519,519,513,513,513,513,513,513,519,519,519,519,519,519,519,513,513,513,513,513,513,519,519,519,519,519,519,515,513,513,513,513,513,513,519,519,519,519,519,519,513,513,513,513,513,513,513,519,519,519,519,519,519,513,513,513,513,513,513,513,519,519,519,519,519,519,513,513,513,513,513,513,519,519,519,519,519,519,519,513,513,513,513,513,513,519,519,519,519,519,519,516
513,513,513,513,513,512,519,519,519,519,519,519,513,513,513,513,513,513,513,519,519,519,519,519,519,513,513,513,513,513,513,513,519,519,519,519,519,519,513,513,513,513,513,513,519,519,519,519,519,519,519,513,513,512,513,513,513,519,519,519,519,519,519,515,513,513,513,513,513,512,519,519,519,519,519,519,513,513,513,513,513,513,513,519,519,519,519,519,519,513,513,513,513,513,513,513,519,519,519,519
519,519,513,513,513,513,513,513,519,519,519,519,519,519,519,513,513,513,513,513,512,519,519,519,519,519,519,513,513,513,513,513,513,513,519,519,519,519,519,519,513,513,513,513,513,513,512,519,519,519,519,519,546,513,513,513,513,513,513,540,546,546,546,519,519,519,513,513,513,513,513,513,519,519,519,519,519,519,519,513,539,540,540,513,512,519,519,519,519,519,519,515,513,513,513,513,513,513,519,519
519,519,519,519,513,513,513,513,513,513,513,519,519,519,519,519,519,513,513,513,513,513,513,513,519,519,519,519,519,519,513,513,513,513,513,513,519,519,519,519,519,519,519,513,513,513,513,513,513,519,519,519,519,519,519,515,513,513,513,513,513,513,519,519,519,519,519,519,513,513,513,513,513,513,513,519,519,519,519,519,519,513,513,513,513,513,513,513,519,519,519,519,519,519,513,513,512,513,512,513
519,519,519,519,519,519,519,513,513,513,513,513,513,519,519,519,519,519,519,495,513,513,513,513,513,513,519,519,519,519,519,519,513,513,513,513,513,513,513,519,519,519,519,519,519,513,513,513,513,513,513,513,519,519,519,519,519,519,513,513,513,513,513,513,519,519,519,519,519,519,519,513,513,513,513,513,513,519,519,519,519,519,519,514,513,513,513,513,513,513,519,519,519,519,519,519,513,513,513,513
513,513,513,519,519,519,519,519,519,513,513,513,513,513,513,513,519,519,519,519,519,519,513,513,513,513,513,513,519,519,519,519,519,519,519,513,513,513,513,513,513,519,519,519,519,519,519,513,513,513,513,513,513,513,519,519,519,519,495,519,513,513,513,513,513,513,513,519,519,519,519,519,519,513,513,513,513,513,513,513,519,519,519,519,519,519,513,513,513,513,513,512,519,519,519,519,519,519,519,513
513,513,513,513,513,519,519,519,519,519,519,514,513,513,513,513,513,513,519,519,519,519,519,519,513,513,513,513,513,513,513,519,519,519,519,519,519,513,489,489,513,513,513,513,519,519,519,519,519,519,513,513,513,513,513,513,519,519,519,519,519,519,519,513,513,513,513,513,513,519,519,519,519,519,519,514,513,513,513,513,513,513,519,519,519,519,519,519,513,513,513,513,513,513,513,519,519,519,519,519
519,513,513,513,513,513,513,513,519,519,519,519,519,519,513,513,513,513,513,513,519,519,519,519,519,519,519,513,512,513,513,513,513,519,519,519,519,519,519,515,513,513,513,513,513,513,495,519,519,495,519,519,513,513,513,489,513,513,513,519,519,519,519,519,519,513,513,513,513,513,513,513,519,519,519,519,519,519,489,513,513,513,513,513,519,519,519,519,519,519,519,513,513,513,513,513,513,519,519,519
519,519,519,513,513,513,513,513,513,513,519,519,519,519,519,519,513,513,513,513,513,513,513,519,519,519,519,519,519,513,513,513,513,512,513,513,519,519,519,519,519,519,513,513,513,513,513,513,519,519,519,519,519,519,519,513,513,513,513,513,513,519,519,519,519,519,519,515,513,513,513,513,513,513,519,519,519,519,519,519,513,513,513,513,513,513,513,519,519,519,519,519,519,513,513,513,513,513,513,513
519,519,519,519,519,519,513,513,513,513,513,513,519,519,519,519,519,519,519,513,513,513,513,513,513,519,519,519,519,519,519,515,513,513,513,513,513,513,519,519,519,519,519,519,513,513,513,513,512,513,513,519,519,519,519,519,519,513,513,513,513,513,513,513,519,519,519,519,519,519,513,513,513,513,513,513,519,519,519,519,519,519,519,513,513,513,513,513,513,519,519,519,519,519,519,513,513,513,513,513
513,513,519,519,519,519,519,519,513,513,513,513,513,513,513,519,519,519,519,519,519,513,513,513,513,513,513,513,519,519,519,519,519,519,513,513,513,513,513,513,519,519,519,519,519,519,519,513,513,513,513,513,513,519,519,519,495,495,519,513,513,513,513,513,513,513,519,519,519,519,519,519,513,513,513,512,513,513,513,519,519,519,519,519,519,513,513,513,513,513,513,513,519,519,519,519,519,519,513,513
513,513,513,513,519,519,519,519,519,519,519,513,513,513,513,513,513,519,519,519,519,519,519,514,513,513,513,513,513,513,519,519,519,519,519,519,513,512,513,513,513,513,513,519,519,519,519,519,519,513,513,512,513,513,513,513,519,519,519,519,519,519,513,513,513,513,513,513,519,519,495,519,519,519,519,513,513,513,513,513,513,519,519,519,519,519,519,514,513,512,513,513,513,513,519,519,519,519,519,519
513,513,513,513,513,513,513,519,519,519,519,519,519,513,513,513,513,513,513,513,519,519,519,519,519,519,513,513,512,513,513,513,519,519,519,519,519,519,519,513,513,512,513,513,513,519,519,519,519,519,519,514,513,513,513,513,513,513,519,519,519,519,519,519,513,513,513,513,513,513,513,519,519,519,519,519,519,513,513,513,513,513,513,513,519,519,519,519,519,519,513,513,513,513,513,513,519,519,519,519
519,519,519,513,513,513,513,513,513,519,519,519,519,519,519,514,513,513,513,513,513,513,519,519,519,519,519,519,513,513,513,513,513,513,513,519,519,519,519,519,519,513,513,513,513,513,513,513,519,519,519,519,519,519,513,513,513,513,513,513,519,519,519,519,519,519,519,513,512,513,513,513,513,519,519,519,519,519,519,516,513,513,513,513,513,513,519,519,519,519,519,519,513,513,513,513,513,513,513,519
519,519,519,519,519,513,513,513,513,513,513,513,519,519,519,519,519,519,513,513,513,513,513,513,519,519,519,519,519,519,519,513,513,513,513,513,513,519,519,519,519,519,519,515,513,513,513,513,513,513,519,519,519,519,519,519,513,513,513,513,513,513,513,519,519,519,519,519,519,513,513,513,513,513,513,513,519,519,519,519,519,519,513,513,513,513,513,513,519,519,519,519,519,519,519,513,513,513,513,513
513,519,519,519,519,519,519,515,513,513,513,513,513,513,519,495,519,519,519,519,513,513,489,513,513,513,513,519,519,519,519,519,519,513,513,513,513,513,513,513,519,519,519,495,519,519,513,489,513,513,513,513,519,519,519,519,519,519,519,513,513,513,513,513,513,519,519,519,519,519,519,516,513,513,513,513,513,513,519,519,519,519,519,519,513,513,513,513,513,513,513,519,519,519,519,495,519,513,513,513
513,513,513,513,519,519,519,519,519,519,513,513,513,513,513,513,519,519,519,519,519,519,519,513,513,513,513,513,513,519,519,519,519,519,519,516,513,513,513,513,513,513,519,519,519,519,519,519,513,513,513,513,513,513,513,519,519,519,519,519,519,513,513,513,513,513,513,513,519,519,519,519,519,519,513,513,513,513,512,513,519,519,519,519,519,519,519,513,513,513,513,513,513,519,519,519,519,519,519,513
513,513,513,513,513,513,519,519,519,519,519,519,513,513,513,513,513,513,513,519,519,519,519,519,519,513,513,513,513,513,513,513,519,519,519,519,519,519,513,513,513,513,513,512,519,519,519,519,519,519,519,513,513,513,513,513,513,519,519,519,519,519,519,516,513,513,513,513,513,513,519,519,519,519,519,519,513,513,513,513,513,513,513,519,519,519,519,519,519,513,513,513,512,513,513,513,519,519,519,519
519,519,512,513,513,513,513,513,519,519,519,519,519,519,519,513,513,513,513,513,513,519,519,519,519,519,519,515,513,513,513,513,513,513,519,519,519,519,519,519,513,513,513,513,513,513,513,519,519,519,519,519,519,513,513,513,513,513,513,513,519,519,519,519,519,519,513,513,513,513,513,513,519,519,519,519,519,519,519,513,513,513,513,513,513,519,519,519,519,519,519,514,513,513,513,513,513,513,519,519
519,519,519,519,513,513,513,513,513,513,513,519,519,519,519,519,519,513,513,513,513,513,513,513,519,519,519,519,519,519,513,513,513,513,513,513,519,519,519,519,519,519,519,513,513,513,513,513,513,519,519,519,519,519,519,516,513,513,513,513,513,513,519,519,519,519,519,519,513,513,513,513,513,513,513,519,519,519,519,519,519,513,513,513,513,513,513,513,519,519,519,519,519,519,513,513,513,513,513,513
519,519,519,519,519,519,519,513,513,513,513,513,513,519,519,519,519,519,519,514,513,513,513,513,513,513,519,519,519,519,519,519,513,513,513,513,513,513,513,519,519,519,519,519,519,513,513,513,513,513,513,513,519,519,519,519,495,519,513,513,513,513,513,513,519,519,519,519,519,519,519,513,513,513,513,513,513,519,519,519,519,519,519,513,513,513,513,513,513,513,519,519,519,519,519,519,513,513,513,513
513,513,513,519,519,519,519,519,519,513,513,513,513,513,513,513,519,519,519,519,519,519,513,513,513,513,513,513,519,519,519,519,519,519,519,513,513,513,513,513,513,519,519,519,519,519,519,514,513,513,513,513,513,513,519,519,519,519,519,519,513,513,513,513,513,513,513,519,519,519,519,519,519,513,513,513,513,513,513,513,519,519,519,519,519,519,513,513,513,513,513,513,519,519,519,519,519,519,519,513
513,513,513,513,513,519,519,519,519,519,519,516,513,513,513,513,513,513,519,519,519,519,519,519,513,513,513,513,513,513,513,519,519,519,519,519,519,513,513,513,513,513,513,513,519,519,519,519,495,519,513,489,513,513,513,513,519,519,519,519,519,519,519,513,513,513,513,513,513,519,519,519,519,519,519,516,513,513,513,513,513,513,519,519,519,519,519,519,513,513,513,513,513,513,513,519,519,519,519,519
519,513,513,513,513,513,513,513,519,519,519,519,519,519,513,513,513,513,513,513,519,519,519,519,519,519,519,513,513,513,513,513,513,519,519,519,519,519,519,513,513,513,513,513,513,513,519,519,519,519,519,519,513,513,513,513,513,513,513,519,519,519,519,519,519,513,513,513,513,513,513,513,519,519,519,519,519,519,513,513,513,513,513,513,519,519,519,519,519,519,519,513,513,513,513,513,513,519,519,519
519,519,519,515,513,513,512,513,513,513,519,519,519,519,519,519,513,513,513,513,513,513,513,519,519,519,519,519,519,513,513,513,513,513,489,513,519,519,519,519,519,519,513,513,513,513,513,513,519,519,519,519,519,519,519,513,513,513,513,513,513,519,519,519,519,519,519,515,513,513,513,513,513,513,519,519,519,519,519,519,513,513,513,513,513,513,513,519,519,519,519,519,519,513,513,513,513,513,513,513
519,519,519,519,519,519,513,513,513,513,513,513,519,519,519,519,519,519,519,513,513,513,513,513,513,519,519,519,519,519,519,515,513,513,513,513,513,513,519,519,519,519,519,519,513,513,513,513,513,513,513,519,519,519,519,519,519,513,513,513,513,513,513,513,519,519,519,519,519,519,513,513,513,513,513,513,519,519,519,519,519,519,519,513,513,513,513,513,513,519,519,519,519,519,519,515,513,513,513,513
513,513,519,519,519,519,519,519,513,513,513,513,513,513,513,519,519,519,519,519,519,513,513,513,513,513,513,513,519,519,519,519,519,519,513,513,513,513,513,513,495,495,519,519,519,519,495,489,489,513,513,513,513,519,519,519,519,519,519,514,513,513,513,513,513,513,519,519,519,519,519,519,513,513,513,513,513,513,513,519,519,519,519,519,519,513,513,513,513,513,513,513,519,519,519,519,519,519,513,513
513,513,513,513,519,519,519,519,519,519,519,513,513,513,513,513,513,519,519,519,519,519,519,513,512,513,513,513,513,512,519,519,519,519,519,519,513,513,513,513,513,513,513,519,519,519,519,519,519,513,513,513,513,513,513,513,519,519,519,519,519,519,513,513,513,513,513,513,519,519,519,519,519,519,519,513,513,513,513,513,513,519,519,519,519,519,519,495,489,489,489,513,513,513,519,519,519,519,519,519
495,513,513,513,513,513,513,519,519,519,519,519,519,489,489,513,513,513,513,513,519,519,495,519,519,519,513,513,513,513,513,513,519,519,519,519,519,519,519,513,513,513,513,513,513,519,519,519,519,519,519,514,513,513,513,513,513,513,519,519,519,519,519,519,513,513,513,513,513,513,513,519,519,519,519,519,519,513,513,513,513,513,513,513,519,519,519,519,519,519,513,513,513,513,513,513,519,519,519,519
519,519,519,513,513,513,513,513,513,519,519,519,519,519,519,516,513,513,513,513,513,513,519,519,519,519,519,519,513,513,513,513,513,513,513,519,519,519,519,519,519,513,513,512,513,513,513,513,519,519,519,495,519,519,513,513,513,513,513,513,519,519,519,519,519,519,519,513,512,513,513,513,513,519,519,519,519,519,519,516,513,513,513,513,513,513,519,519,519,519,519,519,513,513,513,513,513,513,513,519
519,519,519,519,519,513,513,513,513,513,512,513,519,519,519,519,519,519,513,513,513,513,513,513,519,519,519,519,519,519,519,513,513,513,513,513,513,519,519,519,519,519,519,514,513,513,513,513,513,513,519,519,519,519,519,519,513,513,513,513,513,513,513,519,519,519,519,519,519,513,513,513,513,513,513,513,519,519,519,519,519,519,513,513,513,513,513,513,519,519,519,519,519,519,519,513,513,513,513,513
513,519,519,519,519,519,519,514,513,513,513,513,513,513,519,519,519,519,519,519,513,513,513,513,513,513,513,519,519,519,519,519,519,513,513,513,513,513,513,513,519,519,519,519,519,519,513,513,513,513,513,513,519,519,519,519,519,519,519,513,513,513,513,513,513,519,519,519,519,519,519,513,513,513,513,513,513,513,519,519,519,519,519,519,513,513,513,513,513,513,513,519,519,519,519,519,519,513,513,513
513,513,513,513,519,519,519,519,519,519,513,513,513,513,513,513,519,519,519,519,519,519,519,513,513,513,513,513,513,519,519,519,519,519,519,515,513,513,513,513,513,513,519,519,519,519,519,519,513,513,513,513,513,513,513,519,519,519,519,519,519,513,513,513,513,513,513,513,519,519,519,519,519,519,513,513,513,513,513,513,519,519,519,519,519,519,519,513,513,513,513,513,513,519,519,519,519,519,519,514
513,513,513,513,513,513,519,519,519,519,519,519,513,513,513,513,513,513,513,519,519,519,519,519,519,513,513,513,513,513,513,513,519,519,519,519,519,519,513,513,513,513,513,513,519,519,519,519,519,519,519,513,513,513,513,513,513,519,519,519,519,519,519,513,513,513,513,513,513,513,519,519,519,519,519,519,513,513,513,513,513,513,513,519,519,519,519,519,519,513,513,513,513,513,513,513,519,519,519,519
519,519,513,513,513,513,513,513,519,519,519,519,519,519,519,513,513,513,513,513,513,519,519,519,519,519,519,515,513,513,513,513,513,513,519,519,519,519,519,519,513,513,513,513,513,513,513,519,519,519,519,519,519,513,513,513,513,513,513,513,519,519,519,519,519,519,513,513,513,513,513,513,519,519,519,519,519,519,519,513,513,513,513,513,513,519,519,519,519,519,519,515,513,513,513,513,513,513,519,519
